year,csd,boro,enrollment_csd,enrollment_boro,enrollment_nyc,classroom_csd,classroom_boro,classroom_nyc,support_csd,support_boro,support_nyc,leadership_csd,leadership_boro,leadership_nyc,ancillary_csd,ancillary_boro,ancillary_nyc,building_csd,building_boro,building_nyc,grand_total_csd,grand_total_boro,grand_total_nyc,weight
2004,7,Bronx,21027,221216,1086886,8755.124913486,8067.52734375,8089.321289063,1909.72282208,1592.045776367,1708.364379883,1621.013389037,1451.192138672,1360.32019043,1467.861171155,1362.495361328,1387.405883789,1072.747085265,900.7796630859,988.8999633789,16491.56670114,14972.38671875,15144.33496094,0.0950519
2004,8,Bronx,33889,221216,1086886,7571.78442145,8067.52734375,8089.321289063,1539.722161638,1592.045776367,1708.364379883,1346.794909735,1451.192138672,1360.32019043,1329.149396791,1362.495361328,1387.405883789,874.7060339905,900.7796630859,988.8999633789,14302.27624505,14972.38671875,15144.33496094,0.1531942
2004,9,Bronx,33820,221216,1086886,8364.265618265,8067.52734375,8089.321289063,1593.796258967,1592.045776367,1708.364379883,1421.862027047,1451.192138672,1360.32019043,1461.158831939,1362.495361328,1387.405883789,855.4017257874,900.7796630859,988.8999633789,15291.94530741,14972.38671875,15144.33496094,0.1528822
2004,10,Bronx,66585,221216,1086886,8041.314567969,8067.52734375,8089.321289063,1581.389707397,1592.045776367,1708.364379883,1481.625136561,1451.192138672,1360.32019043,1255.285353585,1362.495361328,1387.405883789,940.3516408884,900.7796630859,988.8999633789,14888.01469647,14972.38671875,15144.33496094,0.3009954
2004,11,Bronx,42325,221216,1086886,7521.564843107,8067.52734375,8089.321289063,1366.981536074,1592.045776367,1708.364379883,1157.524586824,1451.192138672,1360.32019043,1334.774826942,1362.495361328,1387.405883789,734.3729853569,900.7796630859,988.8999633789,13636.84977833,14972.38671875,15144.33496094,0.1913288
2004,12,Bronx,23570,221216,1086886,8795.557017929,8067.52734375,8089.321289063,1815.617592326,1592.045776367,1708.364379883,1933.250747981,1451.192138672,1360.32019043,1527.517721783,1362.495361328,1387.405883789,1036.994773965,900.7796630859,988.8999633789,16758.66124918,14972.38671875,15144.33496094,0.1065474
2004,13,Brooklyn,21526,332420,1086886,7941.728180763,7571.275390625,8089.321289063,1341.231777687,1420.543579102,1708.364379883,1329.166771455,1307.135131836,1360.32019043,1133.007873841,1192.703735352,1387.405883789,1326.982240747,995.5385131836,988.8999633789,14730.64721831,14069.32324219,15144.33496094,0.0647554
2004,14,Brooklyn,20645,332420,1086886,8341.12400733,7571.275390625,8089.321289063,1662.134488539,1420.543579102,1708.364379883,1566.55541856,1307.135131836,1360.32019043,1315.52698656,1192.703735352,1387.405883789,1217.612110039,995.5385131836,988.8999633789,15850.12458805,14069.32324219,15144.33496094,0.0621052
2004,15,Brooklyn,25674,332420,1086886,8104.588489361,7571.275390625,8089.321289063,1603.391042663,1420.543579102,1708.364379883,1230.274325897,1307.135131836,1360.32019043,1189.891502399,1192.703735352,1387.405883789,1184.735395118,995.5385131836,988.8999633789,14978.84631227,14069.32324219,15144.33496094,0.0772336
2004,16,Brooklyn,14837,332420,1086886,7535.127853288,7571.275390625,8089.321289063,1435.971525275,1420.543579102,1708.364379883,1213.667057682,1307.135131836,1360.32019043,1172.599865339,1192.703735352,1387.405883789,1162.417696775,995.5385131836,988.8999633789,14103.2355327,14069.32324219,15144.33496094,0.0446333
2004,17,Brooklyn,35095,332420,1086886,7852.590732058,7571.275390625,8089.321289063,1420.405495322,1420.543579102,1708.364379883,1508.489688023,1307.135131836,1360.32019043,1237.065675346,1192.703735352,1387.405883789,1038.177494997,995.5385131836,988.8999633789,14588.21080434,14069.32324219,15144.33496094,0.1055743
2004,18,Brooklyn,25649,332420,1086886,7228.451028509,7571.275390625,8089.321289063,1547.906152961,1420.543579102,1708.364379883,1336.784230232,1307.135131836,1360.32019043,1201.051528919,1192.703735352,1387.405883789,1031.916172479,995.5385131836,988.8999633789,13936.92264235,14069.32324219,15144.33496094,0.0771584
2004,19,Brooklyn,32798,332420,1086886,7822.884595286,7571.275390625,8089.321289063,1334.296234277,1420.543579102,1708.364379883,1360.762947478,1307.135131836,1360.32019043,1243.891232254,1192.703735352,1387.405883789,974.3447616367,995.5385131836,988.8999633789,14368.43887127,14069.32324219,15144.33496094,0.0986643
2004,20,Brooklyn,42853,332420,1086886,7200.007356218,7571.275390625,8089.321289063,1223.481355456,1420.543579102,1708.364379883,1146.911295999,1307.135131836,1360.32019043,1198.548226176,1192.703735352,1387.405883789,744.5396731899,995.5385131836,988.8999633789,13016.64855178,14069.32324219,15144.33496094,0.1289122
2004,21,Brooklyn,38126,332420,1086886,7408.29660364,7571.275390625,8089.321289063,1426.732404814,1420.543579102,1708.364379883,1278.749353357,1307.135131836,1360.32019043,1166.774573649,1192.703735352,1387.405883789,882.8945464439,995.5385131836,988.8999633789,13741.75062675,14069.32324219,15144.33496094,0.1146923
2004,22,Brooklyn,43646,332420,1086886,6544.403344144,7571.275390625,8089.321289063,1291.001596423,1420.543579102,1708.364379883,1105.273496931,1307.135131836,1360.32019043,1035.748963363,1192.703735352,1387.405883789,808.1755946671,995.5385131836,988.8999633789,12282.79591992,14069.32324219,15144.33496094,0.1312978
2004,23,Brooklyn,13251,332420,1086886,8249.033685831,7571.275390625,8089.321289063,1555.560031507,1420.543579102,1708.364379883,1330.36939024,1307.135131836,1360.32019043,1466.505334884,1192.703735352,1387.405883789,1114.538308444,995.5385131836,988.8999633789,15370.55968149,14069.32324219,15144.33496094,0.0398622
2004,32,Brooklyn,18320,332420,1086886,8204.787552051,7571.275390625,8089.321289063,1608.140518972,1420.543579102,1708.364379883,1547.044265632,1307.135131836,1360.32019043,1172.529205608,1192.703735352,1387.405883789,1042.718635123,995.5385131836,988.8999633789,15098.3645062,14069.32324219,15144.33496094,0.055111
2004,1,Manhattan,10578,156579,1086886,8957.384263533,7729.170410156,8089.321289063,2329.26038947,1661.268676758,1708.364379883,1323.658222622,1433.248657227,1360.32019043,1277.970150849,1055.628051758,1387.405883789,1152.402502413,1090.938598633,988.8999633789,16717.15426171,14641.11816406,15144.33496094,0.067557
2004,2,Manhattan,58844,156579,1086886,6945.275381441,7729.170410156,8089.321289063,1480.156251032,1661.268676758,1708.364379883,1480.499816853,1433.248657227,1360.32019043,870.7900060039,1055.628051758,1387.405883789,1187.735961882,1090.938598633,988.8999633789,13584.63764498,14641.11816406,15144.33496094,0.3758103
2004,3,Manhattan,23666,156579,1086886,7653.627662763,7729.170410156,8089.321289063,1711.361202237,1661.268676758,1708.364379883,1555.495451439,1433.248657227,1360.32019043,1000.069566917,1055.628051758,1387.405883789,1252.228064977,1090.938598633,988.8999633789,14845.34519341,14641.11816406,15144.33496094,0.1511441
2004,4,Manhattan,17178,156579,1086886,7803.619945201,7729.170410156,8089.321289063,2058.38985596,1661.268676758,1708.364379883,1306.600935641,1433.248657227,1360.32019043,1091.719541655,1055.628051758,1387.405883789,989.6795855529,1090.938598633,988.8999633789,15176.39962195,14641.11816406,15144.33496094,0.1097082
2004,5,Manhattan,14110,156579,1086886,9501.273373123,7729.170410156,8089.321289063,1974.681511041,1661.268676758,1708.364379883,1536.432188473,1433.248657227,1360.32019043,1330.311646896,1055.628051758,1387.405883789,1058.95251155,1090.938598633,988.8999633789,17112.84607312,14641.11816406,15144.33496094,0.0901143
2004,6,Manhattan,32203,156579,1086886,7997.467934209,7729.170410156,8089.321289063,1386.818289825,1661.268676758,1708.364379883,1315.413437276,1433.248657227,1360.32019043,1221.567548181,1055.628051758,1387.405883789,843.3702136736,1090.938598633,988.8999633789,14371.04164456,14641.11816406,15144.33496094,0.2056662
2004,24,Queens,50721,272697,1086886,7026.313397938,7150.773925781,8089.321289063,1173.883014546,1294.973876953,1708.364379883,1170.510425254,1192.908325195,1360.32019043,1219.581456853,1247.313476563,1387.405883789,755.2736723827,880.6459350586,988.8999633789,12786.60050263,13282.04785156,15144.33496094,0.1859977
2004,25,Queens,31983,272697,1086886,7235.992216901,7150.773925781,8089.321289063,1268.647487564,1294.973876953,1708.364379883,1211.988207364,1192.908325195,1360.32019043,1339.67979241,1247.313476563,1387.405883789,874.9574810114,880.6459350586,988.8999633789,13537.36959482,13282.04785156,15144.33496094,0.117284
2004,26,Queens,32382,272697,1086886,6382.934568955,7150.773925781,8089.321289063,1197.406901482,1294.973876953,1708.364379883,1108.417740312,1192.908325195,1360.32019043,1103.952893803,1247.313476563,1387.405883789,784.2005672447,880.6459350586,988.8999633789,12152.11835789,13282.04785156,15144.33496094,0.1187472
2004,27,Queens,46880,272697,1086886,7532.045042877,7150.773925781,8089.321289063,1387.169602649,1294.973876953,1708.364379883,1208.721984174,1192.908325195,1360.32019043,1350.712974386,1247.313476563,1387.405883789,1070.04076138,880.6459350586,988.8999633789,14075.36227376,13282.04785156,15144.33496094,0.1719124
2004,28,Queens,37749,272697,1086886,7104.420454194,7150.773925781,8089.321289063,1373.847383044,1294.973876953,1708.364379883,1210.692012866,1192.908325195,1360.32019043,1090.753054518,1247.313476563,1387.405883789,873.1378343891,880.6459350586,988.8999633789,13182.48908373,13282.04785156,15144.33496094,0.1384284
2004,29,Queens,30753,272697,1086886,7228.399479332,7150.773925781,8089.321289063,1289.294594077,1294.973876953,1708.364379883,1278.903905503,1192.908325195,1360.32019043,1309.886959066,1247.313476563,1387.405883789,870.3526979662,880.6459350586,988.8999633789,13500.80149906,13282.04785156,15144.33496094,0.1127735
2004,30,Queens,42229,272697,1086886,7386.155082968,7150.773925781,8089.321289063,1366.450488202,1294.973876953,1708.364379883,1174.070954311,1192.908325195,1360.32019043,1300.193798528,1247.313476563,1387.405883789,913.4475723533,880.6459350586,988.8999633789,13599.20970575,13282.04785156,15144.33496094,0.1548569
2004,31,Staten Island,59963,59963,1086886,6982.422756324,6982.422363281,8089.321289063,1506.184153827,1506.184204102,1708.364379883,1201.150330828,1201.150268555,1360.32019043,1556.545755884,1556.545776367,1387.405883789,936.6254668686,936.6254272461,988.8999633789,13749.52982015,13749.53027344,15144.33496094,1
2005,7,Bronx,20655,219488,1075338,8642.318885139,8252.120117188,8185.830566406,2291.840890438,1804.021240234,1907.354614258,1644.464906947,1534.277954102,1452.490356445,1506.66910569,1365.194213867,1393.950683594,1175.823626373,1014.041931152,1053.554931641,17202.46700917,15874.72753906,15939.81933594,0.0941054
2005,8,Bronx,34772,219488,1075338,7744.256193429,8252.120117188,8185.830566406,1720.779332333,1804.021240234,1907.354614258,1456.402195587,1534.277954102,1452.490356445,1334.20618433,1365.194213867,1393.950683594,992.2981686057,1014.041931152,1053.554931641,15166.00436784,15874.72753906,15939.81933594,0.1584232
2005,9,Bronx,32874,219488,1075338,8972.237607988,8252.120117188,8185.830566406,1666.3305255,1804.021240234,1907.354614258,1582.071484381,1534.277954102,1452.490356445,1481.633113519,1365.194213867,1393.950683594,1013.795303205,1014.041931152,1053.554931641,16590.42418988,15874.72753906,15939.81933594,0.1497758
2005,10,Bronx,65582,219488,1075338,8282.35849741,8252.120117188,8185.830566406,1747.68780831,1804.021240234,1907.354614258,1543.357762811,1534.277954102,1452.490356445,1255.882613006,1365.194213867,1393.950683594,1021.692193035,1014.041931152,1053.554931641,15762.70995132,15874.72753906,15939.81933594,0.2987954
2005,11,Bronx,42113,219488,1075338,7591.803449742,8252.120117188,8185.830566406,1634.708391936,1804.021240234,1907.354614258,1303.601425651,1534.277954102,1452.490356445,1342.375980965,1365.194213867,1393.950683594,857.8938793224,1014.041931152,1053.554931641,14606.76177706,15874.72753906,15939.81933594,0.1918693
2005,12,Bronx,23492,219488,1075338,8752.353024567,8252.120117188,8185.830566406,2151.788225002,1804.021240234,1907.354614258,1873.961098335,1534.277954102,1452.490356445,1469.79745928,1365.194213867,1393.950683594,1162.889641566,1014.041931152,1053.554931641,17340.5735513,15874.72753906,15939.81933594,0.1070309
2005,13,Brooklyn,21344,326772,1075338,7883.458491639,7687.823730469,8185.830566406,1626.037378648,1637.806152344,1907.354614258,1405.847018467,1360.163574219,1452.490356445,1085.840437471,1183.216552734,1393.950683594,1424.942541679,1047.953613281,1053.554931641,15478.34925822,14849.41308594,15939.81933594,0.0653177
2005,14,Brooklyn,19966,326772,1075338,8506.726340779,7687.823730469,8185.830566406,1975.432639533,1637.806152344,1907.354614258,1713.201461586,1360.163574219,1452.490356445,1262.142882827,1183.216552734,1393.950683594,1379.35529292,1047.953613281,1053.554931641,16920.75086724,14849.41308594,15939.81933594,0.0611007
2005,15,Brooklyn,25734,326772,1075338,8053.427754752,7687.823730469,8185.830566406,1798.810636749,1637.806152344,1907.354614258,1324.691604724,1360.163574219,1452.490356445,1166.271086243,1183.216552734,1393.950683594,1198.465723256,1047.953613281,1053.554931641,15589.50072146,14849.41308594,15939.81933594,0.0787522
2005,16,Brooklyn,14873,326772,1075338,7922.168952795,7687.823730469,8185.830566406,1731.700656449,1637.806152344,1907.354614258,1301.63468896,1360.163574219,1452.490356445,1145.791774588,1183.216552734,1393.950683594,1155.36395527,1047.953613281,1053.554931641,15169.28886676,14849.41308594,15939.81933594,0.0455149
2005,17,Brooklyn,33930,326772,1075338,7922.653530712,7687.823730469,8185.830566406,1675.854043057,1637.806152344,1907.354614258,1540.098821612,1360.163574219,1452.490356445,1259.072413429,1183.216552734,1393.950683594,1092.725309805,1047.953613281,1053.554931641,15333.75641304,14849.41308594,15939.81933594,0.1038339
2005,18,Brooklyn,24971,326772,1075338,7019.682881179,7687.823730469,8185.830566406,1753.969013543,1637.806152344,1907.354614258,1278.636958975,1360.163574219,1452.490356445,1196.311841463,1183.216552734,1393.950683594,1058.047910944,1047.953613281,1053.554931641,14194.76879472,14849.41308594,15939.81933594,0.0764172
2005,19,Brooklyn,31613,326772,1075338,8367.263863833,7687.823730469,8185.830566406,1546.180372712,1637.806152344,1907.354614258,1512.930896578,1360.163574219,1452.490356445,1265.451649195,1183.216552734,1393.950683594,1015.158820399,1047.953613281,1053.554931641,15649.50917984,14849.41308594,15939.81933594,0.0967433
2005,20,Brooklyn,42540,326772,1075338,7467.360581598,7687.823730469,8185.830566406,1402.466854842,1637.806152344,1907.354614258,1122.951529597,1360.163574219,1452.490356445,1192.733558149,1183.216552734,1393.950683594,766.4606066685,1047.953613281,1053.554931641,13834.36749196,14849.41308594,15939.81933594,0.1301825
2005,21,Brooklyn,37589,326772,1075338,7363.725098184,7687.823730469,8185.830566406,1621.624728056,1637.806152344,1907.354614258,1250.034844352,1360.163574219,1452.490356445,1151.419089204,1183.216552734,1393.950683594,996.1062283484,1047.953613281,1053.554931641,14322.67747663,14849.41308594,15939.81933594,0.1150313
2005,22,Brooklyn,42744,326772,1075338,6696.972183648,7687.823730469,8185.830566406,1467.763085467,1637.806152344,1907.354614258,1152.03188646,1360.163574219,1452.490356445,1043.534218148,1183.216552734,1393.950683594,805.3152826232,1047.953613281,1053.554931641,13041.5628911,14849.41308594,15939.81933594,0.1308068
2005,23,Brooklyn,13349,326772,1075338,8209.942900299,7687.823730469,8185.830566406,1695.516177976,1637.806152344,1907.354614258,1535.930757875,1360.163574219,1452.490356445,1405.211117899,1183.216552734,1393.950683594,1261.150478091,1047.953613281,1053.554931641,16080.23713069,14849.41308594,15939.81933594,0.0408511
2005,32,Brooklyn,18119,326772,1075338,8281.777237113,7687.823730469,8185.830566406,1847.134580564,1637.806152344,1907.354614258,1671.514911533,1360.163574219,1452.490356445,1171.755944921,1183.216552734,1393.950683594,1079.995512164,1047.953613281,1053.554931641,15945.53456839,14849.41308594,15939.81933594,0.0554484
2005,1,Manhattan,10975,156884,1075338,9046.203145733,7740.087890625,8185.830566406,2380.451552261,1840.432373047,1907.354614258,1413.786689016,1500.943481445,1452.490356445,1275.514164399,1068.405639648,1393.950683594,1316.673725515,1218.077148438,1053.554931641,17441.49270092,15359.85253906,15939.81933594,0.0699561
2005,2,Manhattan,58989,156884,1075338,6872.768729968,7740.087890625,8185.830566406,1658.384959105,1840.432373047,1907.354614258,1517.336855113,1500.943481445,1452.490356445,902.1389507006,1068.405639648,1393.950683594,1317.178849907,1218.077148438,1053.554931641,14244.36107035,15359.85253906,15939.81933594,0.3760039
2005,3,Manhattan,24095,156884,1075338,7534.080089917,7740.087890625,8185.830566406,1917.370489656,1840.432373047,1907.354614258,1542.424394759,1500.943481445,1452.490356445,978.1358334408,1068.405639648,1393.950683594,1260.88279362,1218.077148438,1053.554931641,15253.63397264,15359.85253906,15939.81933594,0.1535848
2005,4,Manhattan,16399,156884,1075338,8177.50642171,7740.087890625,8185.830566406,2045.684966257,1840.432373047,1907.354614258,1417.496055879,1500.943481445,1452.490356445,1103.8351461,1068.405639648,1393.950683594,1155.368156518,1218.077148438,1053.554931641,15903.5470787,15359.85253906,15939.81933594,0.1045295
2005,5,Manhattan,14483,156884,1075338,8910.193625606,7740.087890625,8185.830566406,2260.682238405,1840.432373047,1907.354614258,1623.550279883,1500.943481445,1452.490356445,1321.677148113,1068.405639648,1393.950683594,1267.750587409,1218.077148438,1053.554931641,17356.78103127,15359.85253906,15939.81933594,0.0923166
2005,6,Manhattan,31943,156884,1075338,8293.312404246,7740.087890625,8185.830566406,1637.128216868,1840.432373047,1907.354614258,1456.576422621,1500.943481445,1452.490356445,1239.360325687,1068.405639648,1393.950683594,978.5734230452,1218.077148438,1053.554931641,15600.20114262,15359.85253906,15939.81933594,0.203609
2005,24,Queens,50248,271494,1075338,7167.72426198,7208.4609375,8185.830566406,1297.775575692,1413.697143555,1907.354614258,1202.661714678,1286.922973633,1452.490356445,1243.874859684,1249.646606445,1393.950683594,751.1101134524,897.7135620117,1053.554931641,13493.74049156,13941.16210938,15939.81933594,0.1850796
2005,25,Queens,31200,271494,1075338,7327.37711535,7208.4609375,8185.830566406,1520.940070477,1413.697143555,1907.354614258,1340.394998803,1286.922973633,1452.490356445,1384.09178967,1249.646606445,1393.950683594,946.552073047,897.7135620117,1053.554931641,14459.97805559,13941.16210938,15939.81933594,0.1149197
2005,26,Queens,33392,271494,1075338,6492.227645585,7208.4609375,8185.830566406,1275.845816338,1413.697143555,1907.354614258,1138.902082776,1286.922973633,1452.490356445,1085.635260369,1249.646606445,1393.950683594,906.9496274565,897.7135620117,1053.554931641,12825.85842328,13941.16210938,15939.81933594,0.1229935
2005,27,Queens,47113,271494,1075338,7425.460931148,7208.4609375,8185.830566406,1499.041760661,1413.697143555,1907.354614258,1282.062615333,1286.922973633,1452.490356445,1317.605822695,1249.646606445,1393.950683594,940.7477352799,897.7135620117,1053.554931641,14376.75566532,13941.16210938,15939.81933594,0.1735324
2005,28,Queens,37883,271494,1075338,7112.364530675,7208.4609375,8185.830566406,1382.962971483,1413.697143555,1907.354614258,1315.516723978,1286.922973633,1452.490356445,1114.057131423,1249.646606445,1393.950683594,916.4075611078,897.7135620117,1053.554931641,13730.03700402,13941.16210938,15939.81933594,0.1395353
2005,29,Queens,29626,271494,1075338,7291.413159966,7208.4609375,8185.830566406,1442.819551306,1413.697143555,1907.354614258,1363.627227533,1286.922973633,1452.490356445,1283.179099689,1249.646606445,1393.950683594,930.4478792153,897.7135620117,1053.554931641,14142.48726935,13941.16210938,15939.81933594,0.1091221
2005,30,Queens,42032,271494,1075338,7522.804107163,7208.4609375,8185.830566406,1493.700249931,1413.697143555,1907.354614258,1391.168941477,1286.922973633,1452.490356445,1309.442113298,1249.646606445,1393.950683594,941.2260724741,897.7135620117,1053.554931641,14537.10192264,13941.16210938,15939.81933594,0.1548174
2005,31,Staten Island,59469,59469,1075338,7147.403517877,7147.403808594,8185.830566406,1805.561830173,1805.561889648,1907.354614258,1173.289254586,1173.28918457,1452.490356445,1506.582592656,1506.582641602,1393.950683594,1038.374652589,1038.374633789,1053.554931641,14606.17325336,14606.17285156,15939.81933594,1
2006,7,Bronx,20562,216999,1055986,9095.351172301,8627.102539063,8658.904296875,2377.343630051,1881.553955078,2081.853027344,1696.941406452,1561.079101563,1446.333862305,1544.99887484,1499.852172852,1548.876586914,1389.570837384,1072.708251953,1172.259887695,18456.12676065,17001.75,17248.0390625,0.0947562
2006,8,Bronx,34599,216999,1055986,8073.229063281,8627.102539063,8658.904296875,1855.386136891,1881.553955078,2081.853027344,1475.239828785,1561.079101563,1446.333862305,1508.599761353,1499.852172852,1548.876586914,994.3332573507,1072.708251953,1172.259887695,16346.11616166,17001.75,17248.0390625,0.1594431
2006,9,Bronx,32404,216999,1055986,9366.883024207,8627.102539063,8658.904296875,1802.225058127,1881.553955078,2081.853027344,1618.823433265,1561.079101563,1446.333862305,1632.465787645,1499.852172852,1548.876586914,1153.843531049,1072.708251953,1172.259887695,17904.20011164,17001.75,17248.0390625,0.1493279
2006,10,Bronx,64130,216999,1055986,8712.305194539,8627.102539063,8658.904296875,1795.303471601,1881.553955078,2081.853027344,1571.721884083,1561.079101563,1446.333862305,1354.850401872,1499.852172852,1548.876586914,1000.296522264,1072.708251953,1172.259887695,16761.84692523,17001.75,17248.0390625,0.2955313
2006,11,Bronx,41436,216999,1055986,7875.464041881,8627.102539063,8658.904296875,1738.741611931,1881.553955078,2081.853027344,1396.665696026,1561.079101563,1446.333862305,1514.174889747,1499.852172852,1548.876586914,912.7202761204,1072.708251953,1172.259887695,15784.8511939,17001.75,17248.0390625,0.1909502
2006,12,Bronx,23868,216999,1055986,9098.212183895,8627.102539063,8658.904296875,2079.742168639,1881.553955078,2081.853027344,1746.906446841,1561.079101563,1446.333862305,1632.971256333,1499.852172852,1548.876586914,1275.502839663,1072.708251953,1172.259887695,18231.20809379,17001.75,17248.0390625,0.1099913
2006,13,Brooklyn,21717,318842,1055986,8173.45712534,8127.150390625,8658.904296875,1688.858390069,1800.757202148,2081.853027344,1383.664808746,1331.838378906,1446.333862305,1154.692859334,1284.643310547,1548.876586914,1610.827265378,1138.481933594,1172.259887695,16407.91991738,15995.13769531,17248.0390625,0.0681121
2006,14,Brooklyn,19544,318842,1055986,9088.757412582,8127.150390625,8658.904296875,2049.387757075,1800.757202148,2081.853027344,1679.397578998,1331.838378906,1446.333862305,1374.124718268,1284.643310547,1548.876586914,1380.151750522,1138.481933594,1172.259887695,17960.29819584,15995.13769531,17248.0390625,0.0612968
2006,15,Brooklyn,26208,318842,1055986,8427.02011486,8127.150390625,8658.904296875,1896.036598563,1800.757202148,2081.853027344,1280.707035475,1331.838378906,1446.333862305,1187.198592888,1284.643310547,1548.876586914,1230.501770691,1138.481933594,1172.259887695,16400.10107471,15995.13769531,17248.0390625,0.0821975
2006,16,Brooklyn,14584,318842,1055986,8085.046793497,8127.150390625,8658.904296875,1833.687498976,1800.757202148,2081.853027344,1337.129041301,1331.838378906,1446.333862305,1192.747069846,1284.643310547,1548.876586914,1322.855408958,1138.481933594,1172.259887695,16148.37248561,15995.13769531,17248.0390625,0.0457405
2006,17,Brooklyn,31272,318842,1055986,8813.418740755,8127.150390625,8658.904296875,1983.562375918,1800.757202148,2081.853027344,1528.301579946,1331.838378906,1446.333862305,1371.671279322,1284.643310547,1548.876586914,1194.569945606,1138.481933594,1172.259887695,17158.62933335,15995.13769531,17248.0390625,0.0980799
2006,18,Brooklyn,24092,318842,1055986,7337.408204783,8127.150390625,8658.904296875,1859.797713253,1800.757202148,2081.853027344,1205.615363326,1331.838378906,1446.333862305,1283.604545498,1284.643310547,1548.876586914,1192.194993583,1138.481933594,1172.259887695,15173.64874963,15995.13769531,17248.0390625,0.0755609
2006,19,Brooklyn,30531,318842,1055986,8679.177037586,8127.150390625,8658.904296875,1742.704868348,1800.757202148,2081.853027344,1496.333091072,1331.838378906,1446.333862305,1413.287601931,1284.643310547,1548.876586914,1086.691689237,1138.481933594,1172.259887695,16804.54102428,15995.13769531,17248.0390625,0.0957559
2006,20,Brooklyn,41899,318842,1055986,7767.259653883,8127.150390625,8658.904296875,1584.956733284,1800.757202148,2081.853027344,1118.889326488,1331.838378906,1446.333862305,1311.022966665,1284.643310547,1548.876586914,864.6396940207,1138.481933594,1172.259887695,14892.35553083,15995.13769531,17248.0390625,0.1314099
2006,21,Brooklyn,36650,318842,1055986,7947.173641558,8127.150390625,8658.904296875,1792.598484918,1800.757202148,2081.853027344,1215.174366768,1331.838378906,1446.333862305,1293.834122203,1284.643310547,1548.876586914,1011.728391846,1138.481933594,1172.259887695,15564.42798763,15995.13769531,17248.0390625,0.1149472
2006,22,Brooklyn,41539,318842,1055986,7108.797141642,8127.150390625,8658.904296875,1682.017520676,1800.757202148,2081.853027344,1103.299215232,1331.838378906,1446.333862305,1138.943748269,1284.643310547,1548.876586914,880.3258821329,1138.481933594,1172.259887695,14137.67576667,15995.13769531,17248.0390625,0.1302808
2006,23,Brooklyn,13258,318842,1055986,8531.151206613,8127.150390625,8658.904296875,1880.141618456,1800.757202148,2081.853027344,1507.197528073,1331.838378906,1446.333862305,1570.200979813,1284.643310547,1548.876586914,1444.865581469,1138.481933594,1172.259887695,17259.0311689,15995.13769531,17248.0390625,0.0415817
2006,32,Brooklyn,17548,318842,1055986,8827.386684467,8127.150390625,8658.904296875,1940.234105245,1800.757202148,2081.853027344,1650.173515903,1331.838378906,1446.333862305,1237.196541358,1284.643310547,1548.876586914,1208.702515583,1138.481933594,1172.259887695,17184.23694361,15995.13769531,17248.0390625,0.0550367
2006,1,Manhattan,11110,154355,1055986,9131.651611138,8275.526367188,8658.904296875,2354.568026662,1973.256103516,2081.853027344,1379.952754941,1484.174194336,1446.333862305,1354.742169801,1141.760742188,1548.876586914,1448.879223982,1402.28125,1172.259887695,17990.85670371,16650.60546875,17248.0390625,0.0719769
2006,2,Manhattan,59293,154355,1055986,7497.758522388,8275.526367188,8658.904296875,1782.10478701,1973.256103516,2081.853027344,1419.712281476,1484.174194336,1446.333862305,981.838749408,1141.760742188,1548.876586914,1485.765697253,1402.28125,1172.259887695,15505.18152111,16650.60546875,17248.0390625,0.384134
2006,3,Manhattan,23688,154355,1055986,7989.39867102,8275.526367188,8658.904296875,2037.168420185,1973.256103516,2081.853027344,1506.632573898,1484.174194336,1446.333862305,1037.252927991,1141.760742188,1548.876586914,1377.544298225,1402.28125,1172.259887695,16320.69826563,16650.60546875,17248.0390625,0.1534644
2006,4,Manhattan,15853,154355,1055986,8890.089354583,8275.526367188,8658.904296875,2196.470126794,1973.256103516,2081.853027344,1417.826896739,1484.174194336,1446.333862305,1199.00338236,1141.760742188,1548.876586914,1356.42513289,1402.28125,1172.259887695,17388.01493409,16650.60546875,17248.0390625,0.1027048
2006,5,Manhattan,14254,154355,1055986,9308.389026296,8275.526367188,8658.904296875,2290.170077716,1973.256103516,2081.853027344,1717.939850103,1484.174194336,1446.333862305,1431.382925475,1141.760742188,1548.876586914,1470.662899766,1402.28125,1172.259887695,18623.40405635,16650.60546875,17248.0390625,0.0923456
2006,6,Manhattan,30157,154355,1055986,8902.825240958,8275.526367188,8658.904296875,1891.275234393,1973.256103516,2081.853027344,1556.056835278,1484.174194336,1446.333862305,1292.832658174,1141.760742188,1548.876586914,1232.187334294,1402.28125,1172.259887695,17347.94811015,16650.60546875,17248.0390625,0.1953743
2006,24,Queens,50773,267765,1055986,7648.373108209,7660.959960938,8658.904296875,1454.240174441,1522.466430664,2081.853027344,1156.574846213,1238.225097656,1446.333862305,1388.813594652,1403.487304688,1548.876586914,843.1536168604,991.8648071289,1172.259887695,14743.12050318,15104.15917969,17248.0390625,0.1896178
2006,25,Queens,30658,267765,1055986,7967.563295057,7660.959960938,8658.904296875,1585.822443288,1522.466430664,2081.853027344,1295.598692151,1238.225097656,1446.333862305,1526.509184414,1403.487304688,1548.876586914,1043.001504612,991.8648071289,1172.259887695,15713.58703887,15104.15917969,17248.0390625,0.1144959
2006,26,Queens,33063,267765,1055986,6792.121659314,7660.959960938,8658.904296875,1401.701214885,1522.466430664,2081.853027344,1145.090566863,1238.225097656,1446.333862305,1173.68235976,1403.487304688,1548.876586914,967.5036131268,991.8648071289,1172.259887695,13800.34499694,15104.15917969,17248.0390625,0.1234777
2006,27,Queens,46939,267765,1055986,7815.618894543,7660.959960938,8658.904296875,1581.574295817,1522.466430664,2081.853027344,1232.566930788,1238.225097656,1446.333862305,1503.337763394,1403.487304688,1548.876586914,1033.438612607,991.8648071289,1172.259887695,15496.99773119,15104.15917969,17248.0390625,0.1752992
2006,28,Queens,37341,267765,1055986,7425.109279497,7660.959960938,8658.904296875,1454.394482729,1522.466430664,2081.853027344,1319.916725488,1238.225097656,1446.333862305,1241.085154468,1403.487304688,1548.876586914,1024.309611577,991.8648071289,1172.259887695,14753.76500484,15104.15917969,17248.0390625,0.1394544
2006,29,Queens,28495,267765,1055986,7748.810395858,7660.959960938,8658.904296875,1498.069700058,1522.466430664,2081.853027344,1384.998503619,1238.225097656,1446.333862305,1542.817948305,1403.487304688,1548.876586914,1027.314799915,991.8648071289,1172.259887695,15448.55925561,15104.15917969,17248.0390625,0.1064179
2006,30,Queens,40496,267765,1055986,8130.381265323,7660.959960938,8658.904296875,1670.064790052,1522.466430664,2081.853027344,1201.154881147,1238.225097656,1446.333862305,1452.346562772,1403.487304688,1548.876586914,1056.442035191,991.8648071289,1172.259887695,15785.36427572,15104.15917969,17248.0390625,0.1512371
2006,31,Staten Island,59069,59069,1055986,7482.813444407,7482.812988281,8658.904296875,2013.891103845,2013.890991211,2081.853027344,1130.925763614,1130.92578125,1446.333862305,1747.668569758,1747.668579102,1548.876586914,1249.682235779,1249.682250977,1172.259887695,15890.40443399,15890.40527344,17248.0390625,1
2007,7,Bronx,20401,214773,1042078,9514.700057911,8953.276367188,8992.698242188,2695.760050021,2157.572265625,2349.043457031,1949.559438027,1762.513793945,1612.309814453,1572.446785436,1627.217041016,1660.439575195,1319.65790449,1109.349609375,1162.135986328,19268.28168159,17740.85351563,17933.4296875,0.0949887
2007,8,Bronx,34334,214773,1042078,8467.012392172,8953.276367188,8992.698242188,2123.99686385,2157.572265625,2349.043457031,1669.423218299,1762.513793945,1612.309814453,1582.736818129,1627.217041016,1660.439575195,987.2662626634,1109.349609375,1162.135986328,16980.27132181,17740.85351563,17933.4296875,0.1598618
2007,9,Bronx,32139,214773,1042078,9640.041431713,8953.276367188,8992.698242188,2103.826310814,2157.572265625,2349.043457031,1834.771016677,1762.513793945,1612.309814453,1868.694418731,1627.217041016,1660.439575195,1169.092336966,1109.349609375,1162.135986328,18744.83251659,17740.85351563,17933.4296875,0.1496417
2007,10,Bronx,63054,214773,1042078,8912.622378477,8953.276367188,8992.698242188,2040.156538911,2157.572265625,2349.043457031,1755.337604695,1762.513793945,1612.309814453,1510.576974448,1627.217041016,1660.439575195,1157.455324704,1109.349609375,1162.135986328,17505.11011386,17740.85351563,17933.4296875,0.2935844
2007,11,Bronx,40685,214773,1042078,8279.517126689,8953.276367188,8992.698242188,2025.796592165,2157.572265625,2349.043457031,1580.176294477,1762.513793945,1612.309814453,1609.114028393,1627.217041016,1660.439575195,942.8030720649,1109.349609375,1162.135986328,16513.81473366,17740.85351563,17933.4296875,0.1894326
2007,12,Bronx,24160,214773,1042078,9497.366356097,8953.276367188,8992.698242188,2350.675253579,2157.572265625,2349.043457031,1966.523622045,1762.513793945,1612.309814453,1750.349038433,1627.217041016,1660.439575195,1180.696282336,1109.349609375,1162.135986328,18877.97005188,17740.85351563,17933.4296875,0.1124909
2007,13,Brooklyn,21735,311283,1042078,8571.807345391,8526.071289063,8992.698242188,1873.18607411,2059.157470703,2349.043457031,1611.057510237,1494.015014648,1612.309814453,1200.625621197,1373.025512695,1660.439575195,1507.696155167,1135.124511719,1162.135986328,16949.85809732,16729.21289063,17933.4296875,0.0698239
2007,14,Brooklyn,19652,311283,1042078,9403.744658445,8526.071289063,8992.698242188,2322.50132722,2059.157470703,2349.043457031,1789.474299897,1494.015014648,1612.309814453,1444.34789296,1373.025512695,1660.439575195,1417.13171641,1135.124511719,1162.135986328,18586.32812446,16729.21289063,17933.4296875,0.0631323
2007,15,Brooklyn,26406,311283,1042078,8814.727001693,8526.071289063,8992.698242188,2193.796161897,2059.157470703,2349.043457031,1439.509645115,1494.015014648,1612.309814453,1266.365405677,1373.025512695,1660.439575195,1243.083290347,1135.124511719,1162.135986328,17118.52940131,16729.21289063,17933.4296875,0.0848296
2007,16,Brooklyn,13329,311283,1042078,8680.21765601,8526.071289063,8992.698242188,2286.820979541,2059.157470703,2349.043457031,1479.008534632,1494.015014648,1612.309814453,1282.934090282,1373.025512695,1660.439575195,1394.088642199,1135.124511719,1162.135986328,17292.32576919,16729.21289063,17933.4296875,0.0428196
2007,17,Brooklyn,30137,311283,1042078,9190.084656845,8526.071289063,8992.698242188,2187.967894556,2059.157470703,2349.043457031,1687.889500649,1494.015014648,1612.309814453,1448.427863299,1373.025512695,1660.439575195,1169.745182186,1135.124511719,1162.135986328,17875.32779285,16729.21289063,17933.4296875,0.0968154
2007,18,Brooklyn,22479,311283,1042078,8026.10004221,8526.071289063,8992.698242188,2196.09811564,2059.157470703,2349.043457031,1392.527778688,1494.015014648,1612.309814453,1397.485326277,1373.025512695,1660.439575195,1106.980771415,1135.124511719,1162.135986328,16284.54365056,16729.21289063,17933.4296875,0.072214
2007,19,Brooklyn,29094,311283,1042078,8982.495884795,8526.071289063,8992.698242188,2053.082426428,2059.157470703,2349.043457031,1724.605843056,1494.015014648,1612.309814453,1500.888783382,1373.025512695,1660.439575195,1104.642478999,1135.124511719,1162.135986328,17541.18497382,16729.21289063,17933.4296875,0.0934648
2007,20,Brooklyn,41878,311283,1042078,7980.282665133,8526.071289063,8992.698242188,1732.598472402,2059.157470703,2349.043457031,1258.530305644,1494.015014648,1612.309814453,1371.817752485,1373.025512695,1660.439575195,866.2438411016,1135.124511719,1162.135986328,15283.87122388,16729.21289063,17933.4296875,0.1345335
2007,21,Brooklyn,35755,311283,1042078,8239.966933113,8526.071289063,8992.698242188,2099.399087716,2059.157470703,2349.043457031,1358.827656,1494.015014648,1612.309814453,1394.749893696,1373.025512695,1660.439575195,986.204117764,1135.124511719,1162.135986328,16200.39491264,16729.21289063,17933.4296875,0.1148633
2007,22,Brooklyn,40353,311283,1042078,7722.383830972,8526.071289063,8992.698242188,1969.325295847,2059.157470703,2349.043457031,1248.898138263,1494.015014648,1612.309814453,1263.894366,1373.025512695,1660.439575195,1018.615694916,1135.124511719,1162.135986328,15283.88047216,16729.21289063,17933.4296875,0.1296345
2007,23,Brooklyn,13135,311283,1042078,8945.681605848,8526.071289063,8992.698242188,2145.39117207,2059.157470703,2349.043457031,1677.808305204,1494.015014648,1612.309814453,1652.286237901,1373.025512695,1660.439575195,1280.929291984,1135.124511719,1162.135986328,17934.85978051,16729.21289063,17933.4296875,0.0421963
2007,32,Brooklyn,17330,311283,1042078,9105.122727529,8526.071289063,8992.698242188,2072.005234688,2059.157470703,2349.043457031,1793.55686871,1494.015014648,1612.309814453,1363.21463977,1373.025512695,1660.439575195,1129.640220184,1135.124511719,1162.135986328,17576.13763825,16729.21289063,17933.4296875,0.0556728
2007,1,Manhattan,11292,152667,1042078,9143.164968053,8592.9375,8992.698242188,2696.512555609,2259.915283203,2349.043457031,1542.202560634,1617.318115234,1612.309814453,1403.883823782,1221.38684082,1660.439575195,1194.937038401,1356.813720703,1162.135986328,18073.00221438,17241.40234375,17933.4296875,0.0739649
2007,2,Manhattan,59545,152667,1042078,7820.01545259,8592.9375,8992.698242188,2012.458573482,2259.915283203,2349.043457031,1505.270276516,1617.318115234,1612.309814453,1018.563917779,1221.38684082,1660.439575195,1470.949596437,1356.813720703,1162.135986328,15988.37476454,17241.40234375,17933.4296875,0.3900319
2007,3,Manhattan,23636,152667,1042078,8184.554425283,8592.9375,8992.698242188,2224.367217614,2259.915283203,2349.043457031,1637.928508452,1617.318115234,1612.309814453,1128.866497161,1221.38684082,1660.439575195,1239.326613505,1356.813720703,1162.135986328,16534.24044581,17241.40234375,17933.4296875,0.1548206
2007,4,Manhattan,15425,152667,1042078,9362.507479058,8592.9375,8992.698242188,2689.775558359,2259.915283203,2349.043457031,1593.233155036,1617.318115234,1612.309814453,1295.559119744,1221.38684082,1660.439575195,1399.08850424,1356.813720703,1162.135986328,18564.88058166,17241.40234375,17933.4296875,0.1010369
2007,5,Manhattan,13870,152667,1042078,9744.846239691,8592.9375,8992.698242188,2615.044921635,2259.915283203,2349.043457031,1886.573882178,1617.318115234,1612.309814453,1600.582674739,1221.38684082,1660.439575195,1454.147991322,1356.813720703,1162.135986328,19589.26955224,17241.40234375,17933.4296875,0.0908513
2007,6,Manhattan,28899,152667,1042078,9340.904248962,8592.9375,8992.698242188,2228.382712403,2259.915283203,2349.043457031,1744.308031863,1617.318115234,1612.309814453,1422.071510193,1221.38684082,1660.439575195,1211.704912965,1356.813720703,1162.135986328,18243.37737587,17241.40234375,17933.4296875,0.1892944
2007,24,Queens,51019,265901,1042078,7912.782441646,7956.077636719,8992.698242188,1628.614704472,1733.159301758,2349.043457031,1304.800910567,1391.385498047,1612.309814453,1498.422411639,1483.856079102,1660.439575195,933.7536421453,1026.409545898,1162.135986328,15351.85036659,15711.76367188,17933.4296875,0.1918722
2007,25,Queens,30290,265901,1042078,8353.646949646,7956.077636719,8992.698242188,1859.868619811,1733.159301758,2349.043457031,1457.799093356,1391.385498047,1612.309814453,1623.867047626,1483.856079102,1660.439575195,1039.680478503,1026.409545898,1162.135986328,16470.29358198,15711.76367188,17933.4296875,0.1139146
2007,26,Queens,33349,265901,1042078,7007.632732869,7956.077636719,8992.698242188,1651.790670278,1733.159301758,2349.043457031,1285.49716605,1391.385498047,1612.309814453,1223.446655483,1483.856079102,1660.439575195,960.3602218992,1026.409545898,1162.135986328,14249.21332865,15711.76367188,17933.4296875,0.1254189
2007,27,Queens,46649,265901,1042078,8074.659494994,7956.077636719,8992.698242188,1777.80983101,1733.159301758,2349.043457031,1383.682835296,1391.385498047,1612.309814453,1554.233870846,1483.856079102,1660.439575195,1025.174550697,1026.409545898,1162.135986328,15982.68916283,15711.76367188,17933.4296875,0.1754375
2007,28,Queens,36923,265901,1042078,7811.281892533,7956.077636719,8992.698242188,1678.551512299,1733.159301758,2349.043457031,1441.445610456,1391.385498047,1612.309814453,1343.220517191,1483.856079102,1660.439575195,1040.244548945,1026.409545898,1162.135986328,15416.60425365,15711.76367188,17933.4296875,0.13886
2007,29,Queens,27785,265901,1042078,8146.214900832,7956.077636719,8992.698242188,1705.751936344,1733.159301758,2349.043457031,1560.594344019,1391.385498047,1612.309814453,1593.938533205,1483.856079102,1660.439575195,1004.020104129,1026.409545898,1162.135986328,16090.19071608,15711.76367188,17933.4296875,0.1044938
2007,30,Queens,39886,265901,1042078,8365.43706255,7956.077636719,8992.698242188,1856.114000074,1733.159301758,2349.043457031,1385.030983473,1391.385498047,1612.309814453,1547.820861351,1483.856079102,1660.439575195,1194.308017519,1026.409545898,1162.135986328,16511.70413854,15711.76367188,17933.4296875,0.1500032
2007,31,Staten Island,58943,58943,1042078,7849.513347774,7849.513183594,8992.698242188,2251.485588298,2251.485595703,2349.043457031,1271.013687411,1271.013549805,1612.309814453,1966.389890794,1966.389892578,1660.439575195,1026.53101754,1026.531005859,1162.135986328,16453.507403,16453.5078125,17933.4296875,1
2008,7,Bronx,20351,213632,1035406,9754.413222611,9234.260742188,9313.961914063,2768.933239411,2373.393798828,2567.483154297,2060.584540925,1882.625854492,1698.398681641,1556.691881681,1632.096435547,1667.088378906,1306.723464854,1185.218505859,1191.369384766,19876.45837752,18737.35351563,18870.859375,0.0952619
2008,8,Bronx,34177,213632,1035406,8841.8268949,9234.260742188,9313.961914063,2380.543278915,2373.393798828,2567.483154297,1861.330976679,1882.625854492,1698.398681641,1578.79020158,1632.096435547,1667.088378906,1093.21953094,1185.218505859,1191.369384766,18230.36544401,18737.35351563,18870.859375,0.1599807
2008,9,Bronx,32466,213632,1035406,10020.452136,9234.260742188,9313.961914063,2257.451458962,2373.393798828,2567.483154297,1896.859554678,1882.625854492,1698.398681641,1848.212979658,1632.096435547,1667.088378906,1172.875104362,1185.218505859,1191.369384766,19605.20520358,18737.35351563,18870.859375,0.1519716
2008,10,Bronx,62015,213632,1035406,9164.888643562,9234.260742188,9313.961914063,2227.557067204,2373.393798828,2567.483154297,1875.08793961,1882.625854492,1698.398681641,1500.684356725,1632.096435547,1667.088378906,1267.547104759,1185.218505859,1191.369384766,18456.58884234,18737.35351563,18870.859375,0.2902889
2008,11,Bronx,39674,213632,1035406,8635.892997364,9234.260742188,9313.961914063,2318.687615376,2373.393798828,2567.483154297,1733.669275727,1882.625854492,1698.398681641,1658.439973068,1632.096435547,1667.088378906,1013.657850143,1185.218505859,1191.369384766,17754.10188061,18737.35351563,18870.859375,0.1857119
2008,12,Bronx,24949,213632,1035406,9448.455365025,9234.260742188,9313.961914063,2641.327522981,2373.393798828,2567.483154297,2003.721906607,1882.625854492,1698.398681641,1770.151448142,1632.096435547,1667.088378906,1296.370224549,1185.218505859,1191.369384766,19634.81366989,18737.35351563,18870.859375,0.1167849
2008,13,Brooklyn,21962,309336,1035406,8954.091518073,8812.760742188,9313.961914063,2055.524899738,2282.80078125,2567.483154297,1803.967175956,1582.28112793,1698.398681641,1234.791998613,1374.270507813,1667.088378906,1501.239173999,1152.213012695,1191.369384766,18044.41539061,17601.73632813,18870.859375,0.0709972
2008,14,Brooklyn,20978,309336,1035406,9277.519807263,8812.760742188,9313.961914063,2417.626838225,2282.80078125,2567.483154297,1801.956015125,1582.28112793,1698.398681641,1424.195974261,1374.270507813,1667.088378906,1226.534819902,1152.213012695,1191.369384766,18527.40873807,17601.73632813,18870.859375,0.0678162
2008,15,Brooklyn,26956,309336,1035406,9105.567487918,8812.760742188,9313.961914063,2495.992564009,2282.80078125,2567.483154297,1528.040183981,1582.28112793,1698.398681641,1281.169341106,1374.270507813,1667.088378906,1271.4622951,1152.213012695,1191.369384766,18117.25106439,17601.73632813,18870.859375,0.0871415
2008,16,Brooklyn,12493,309336,1035406,9206.844432429,8812.760742188,9313.961914063,2667.379265566,2282.80078125,2567.483154297,1624.809530837,1582.28112793,1698.398681641,1288.547980238,1374.270507813,1667.088378906,1425.331195429,1152.213012695,1191.369384766,18643.98387693,17601.73632813,18870.859375,0.0403865
2008,17,Brooklyn,29851,309336,1035406,9334.287442831,8812.760742188,9313.961914063,2364.436514907,2282.80078125,2567.483154297,1729.811736164,1582.28112793,1698.398681641,1429.81496607,1374.270507813,1667.088378906,1252.640545079,1152.213012695,1191.369384766,18463.03773643,17601.73632813,18870.859375,0.0965002
2008,18,Brooklyn,20937,309336,1035406,8559.451731555,8812.760742188,9313.961914063,2614.78032231,2282.80078125,2567.483154297,1634.775734521,1582.28112793,1698.398681641,1425.961576012,1374.270507813,1667.088378906,1178.472599871,1152.213012695,1191.369384766,17821.36327848,17601.73632813,18870.859375,0.0676837
2008,19,Brooklyn,28530,309336,1035406,9300.292098585,8812.760742188,9313.961914063,2206.773982148,2282.80078125,2567.483154297,1772.339597372,1582.28112793,1698.398681641,1503.09597228,1374.270507813,1667.088378906,1169.353106476,1152.213012695,1191.369384766,18393.27490325,17601.73632813,18870.859375,0.0922298
2008,20,Brooklyn,42736,309336,1035406,8173.552571168,8812.760742188,9313.961914063,1901.740487765,2282.80078125,2567.483154297,1264.458551162,1582.28112793,1698.398681641,1339.179345483,1374.270507813,1667.088378906,868.0617110316,1152.213012695,1191.369384766,15887.87442381,17601.73632813,18870.859375,0.138154
2008,21,Brooklyn,35550,309336,1035406,8485.391921178,8812.760742188,9313.961914063,2305.804939954,2282.80078125,2567.483154297,1457.224106669,1582.28112793,1698.398681641,1417.628282647,1374.270507813,1667.088378906,1022.519183863,1152.213012695,1191.369384766,17096.72593397,17601.73632813,18870.859375,0.1149236
2008,22,Brooklyn,39191,309336,1035406,8088.295687933,8812.760742188,9313.961914063,2232.748230107,2282.80078125,2567.483154297,1329.932476868,1582.28112793,1698.398681641,1248.158173569,1374.270507813,1667.088378906,992.9302717519,1152.213012695,1191.369384766,16234.51891536,17601.73632813,18870.859375,0.1266939
2008,23,Brooklyn,12854,309336,1035406,9344.263933975,8812.760742188,9313.961914063,2472.226854597,2282.80078125,2567.483154297,1831.718603346,1582.28112793,1698.398681641,1687.437336204,1374.270507813,1667.088378906,1390.364117495,1152.213012695,1191.369384766,19184.01011428,17601.73632813,18870.859375,0.0415535
2008,32,Brooklyn,17298,309336,1035406,9429.711078556,8812.760742188,9313.961914063,2247.373156833,2282.80078125,2567.483154297,1885.217107004,1582.28112793,1698.398681641,1377.511860873,1374.270507813,1667.088378906,1154.970646475,1152.213012695,1191.369384766,18497.2928006,17601.73632813,18870.859375,0.0559198
2008,1,Manhattan,12446,156345,1035406,9207.68804645,8870.112304688,9313.961914063,2954.982664607,2454.251220703,2567.483154297,1677.385208985,1723.073974609,1698.398681641,1356.08363673,1222.159301758,1667.088378906,1303.853821371,1429.798828125,1191.369384766,18927.64888769,18184.2265625,18870.859375,0.079606
2008,2,Manhattan,62664,156345,1035406,8077.533773746,8870.112304688,9313.961914063,2189.810058114,2454.251220703,2567.483154297,1600.416190221,1723.073974609,1698.398681641,1009.812013224,1222.159301758,1667.088378906,1559.02859471,1429.798828125,1191.369384766,16957.31274044,18184.2265625,18870.859375,0.4008059
2008,3,Manhattan,24173,156345,1035406,8496.954741909,8870.112304688,9313.961914063,2485.674715356,2454.251220703,2567.483154297,1700.939732687,1723.073974609,1698.398681641,1149.005580215,1222.159301758,1667.088378906,1326.980873567,1429.798828125,1191.369384766,17649.23607457,18184.2265625,18870.859375,0.1546132
2008,4,Manhattan,14915,156345,1035406,9670.371758177,8870.112304688,9313.961914063,3007.327518278,2454.251220703,2567.483154297,1796.447414428,1723.073974609,1698.398681641,1363.718163252,1222.159301758,1667.088378906,1443.765731988,1429.798828125,1191.369384766,19770.54017929,18184.2265625,18870.859375,0.095398
2008,5,Manhattan,14125,156345,1035406,10159.58340467,8870.112304688,9313.961914063,2716.434321688,2454.251220703,2567.483154297,2030.725570779,1723.073974609,1698.398681641,1561.714962336,1222.159301758,1667.088378906,1440.705985824,1429.798828125,1191.369384766,20318.1339532,18184.2265625,18870.859375,0.0903451
2008,6,Manhattan,28022,156345,1035406,9738.547171977,8870.112304688,9313.961914063,2369.559016739,2454.251220703,2567.483154297,1842.621813617,1723.073974609,1698.398681641,1454.137096704,1222.159301758,1667.088378906,1272.511405163,1429.798828125,1191.369384766,19139.24647651,18184.2265625,18870.859375,0.1792318
2008,24,Queens,51446,266528,1035406,8190.99239227,8173.7265625,9313.961914063,1823.004251363,1956.096801758,2567.483154297,1376.643366393,1461.786499023,1698.398681641,1525.039838873,1493.98046875,1667.088378906,991.6268484171,1041.892822266,1191.369384766,16237.22310328,16508.91992188,18870.859375,0.1930229
2008,25,Queens,30786,266528,1035406,8465.121861129,8173.7265625,9313.961914063,2105.615585963,1956.096801758,2567.483154297,1501.586611671,1461.786499023,1698.398681641,1608.497599851,1493.98046875,1667.088378906,1066.183149117,1041.892822266,1191.369384766,17163.50730352,16508.91992188,18870.859375,0.1155076
2008,26,Queens,33049,266528,1035406,7169.288714764,8173.7265625,9313.961914063,1866.406713872,1956.096801758,2567.483154297,1355.006828074,1461.786499023,1698.398681641,1266.998474733,1493.98046875,1667.088378906,956.3671367947,1041.892822266,1191.369384766,15059.04110151,16508.91992188,18870.859375,0.1239982
2008,27,Queens,46779,266528,1035406,8262.003088093,8173.7265625,9313.961914063,1996.054066251,1956.096801758,2567.483154297,1466.747186563,1461.786499023,1698.398681641,1535.402858151,1493.98046875,1667.088378906,1046.276220281,1041.892822266,1191.369384766,16680.84750723,16508.91992188,18870.859375,0.1755125
2008,28,Queens,36764,266528,1035406,8105.931611954,8173.7265625,9313.961914063,1928.197968871,1956.096801758,2567.483154297,1483.729174152,1461.786499023,1698.398681641,1363.20342571,1493.98046875,1667.088378906,1036.811026603,1041.892822266,1191.369384766,16297.66917917,16508.91992188,18870.859375,0.1379367
2008,29,Queens,28056,266528,1035406,8402.101487875,8173.7265625,9313.961914063,1894.226974333,1956.096801758,2567.483154297,1634.021597624,1461.786499023,1698.398681641,1596.061591571,1493.98046875,1667.088378906,1069.057101311,1041.892822266,1191.369384766,16943.84960967,16508.91992188,18870.859375,0.1052647
2008,30,Queens,39648,266528,1035406,8559.424538285,8173.7265625,9313.961914063,2109.962635401,1956.096801758,2567.483154297,1482.290734016,1461.786499023,1698.398681641,1554.11752551,1493.98046875,1667.088378906,1139.863929089,1041.892822266,1191.369384766,17247.01511027,16508.91992188,18870.859375,0.1487574
2008,31,Staten Island,59831,59831,1035406,8132.907539638,8132.908203125,9313.961914063,2526.128709613,2526.128662109,2567.483154297,1312.441623361,1312.441650391,1698.398681641,1911.453509936,1911.453369141,1667.088378906,1054.93601382,1054.936035156,1191.369384766,17328.09829,17328.09765625,18870.859375,1
2009,7,Bronx,19958,211575,1029459,10445.03804122,9659.350585938,9782.921875,3083.737918208,2640.25,2786.751708984,2230.324866871,2041.258789063,1835.555175781,1616.668032518,1663.610473633,1725.502197266,1485.358133611,1384.724121094,1394.52722168,20496.65241455,19031.65234375,19187.00585938,0.0943306
2009,8,Bronx,33371,211575,1029459,9396.484590658,9659.350585938,9782.921875,2659.451674929,2640.25,2786.751708984,1997.59210772,2041.258789063,1835.555175781,1582.835714717,1663.610473633,1725.502197266,1310.305680089,1384.724121094,1394.52722168,18620.62961557,19031.65234375,19187.00585938,0.1577266
2009,9,Bronx,32668,211575,1029459,10195.69597757,9659.350585938,9782.921875,2498.417944523,2640.25,2786.751708984,2061.383003642,2041.258789063,1835.555175781,1813.647008879,1663.610473633,1725.502197266,1334.382562931,1384.724121094,1394.52722168,19522.31388345,19031.65234375,19187.00585938,0.1544039
2009,10,Bronx,61157,211575,1029459,9515.495171352,9659.350585938,9782.921875,2504.9179996,2640.25,2786.751708984,2038.686207851,2041.258789063,1835.555175781,1533.597562665,1663.610473633,1725.502197266,1418.595888821,1384.724121094,1394.52722168,18652.20729495,19031.65234375,19187.00585938,0.2890559
2009,11,Bronx,40083,211575,1029459,9065.047842435,9659.350585938,9782.921875,2520.728378298,2640.25,2786.751708984,1852.344633134,2041.258789063,1835.555175781,1724.668778392,1663.610473633,1725.502197266,1298.096060786,1384.724121094,1394.52722168,18093.20672006,19031.65234375,19187.00585938,0.1894505
2009,12,Bronx,24338,211575,1029459,9995.829168957,9659.350585938,9782.921875,2977.530883625,2640.25,2786.751708984,2236.672144226,2041.258789063,1835.555175781,1837.610985421,1663.610473633,1725.502197266,1529.367783906,1384.724121094,1394.52722168,20234.29938428,19031.65234375,19187.00585938,0.1150325
2009,13,Brooklyn,22292,304138,1029459,9107.281944199,9312.896484375,9782.921875,2110.775366759,2505.966308594,2786.751708984,1957.861757178,1727.274902344,1835.555175781,1254.651932112,1421.84753418,1725.502197266,1677.127302054,1347.436401367,1394.52722168,17823.8666661,17962.80273438,19187.00585938,0.0732957
2009,14,Brooklyn,21008,304138,1029459,9673.532776642,9312.896484375,9782.921875,2652.406179756,2505.966308594,2786.751708984,1984.245535982,1727.274902344,1835.555175781,1444.727004198,1421.84753418,1725.502197266,1408.528784365,1347.436401367,1394.52722168,18862.16439262,17962.80273438,19187.00585938,0.0690739
2009,15,Brooklyn,26777,304138,1029459,9605.190524386,9312.896484375,9782.921875,2797.243807577,2505.966308594,2786.751708984,1644.873502728,1727.274902344,1835.555175781,1324.799651527,1421.84753418,1725.502197266,1414.210208245,1347.436401367,1394.52722168,18468.7179677,17962.80273438,19187.00585938,0.0880423
2009,16,Brooklyn,11543,304138,1029459,10003.77922923,9312.896484375,9782.921875,2941.665654928,2505.966308594,2786.751708984,1884.63400752,1727.274902344,1835.555175781,1420.454831516,1421.84753418,1725.502197266,1560.326440871,1347.436401367,1394.52722168,19442.18754046,17962.80273438,19187.00585938,0.0379532
2009,17,Brooklyn,28807,304138,1029459,9856.047810492,9312.896484375,9782.921875,2604.459260176,2505.966308594,2786.751708984,1839.124857644,1727.274902344,1835.555175781,1452.825692822,1421.84753418,1725.502197266,1417.672756997,1347.436401367,1394.52722168,18813.73044144,17962.80273438,19187.00585938,0.0947169
2009,18,Brooklyn,19682,304138,1029459,9188.944569684,9312.896484375,9782.921875,2903.866688595,2505.966308594,2786.751708984,1827.198923714,1727.274902344,1835.555175781,1519.838272514,1421.84753418,1725.502197266,1482.766374085,1347.436401367,1394.52722168,18575.42367025,17962.80273438,19187.00585938,0.064714
2009,19,Brooklyn,28093,304138,1029459,9722.561792191,9312.896484375,9782.921875,2387.475070676,2505.966308594,2786.751708984,1893.094163082,1727.274902344,1835.555175781,1488.154068513,1421.84753418,1725.502197266,1399.312783878,1347.436401367,1394.52722168,18554.2862632,17962.80273438,19187.00585938,0.0923693
2009,20,Brooklyn,42731,304138,1029459,8788.109200449,9312.896484375,9782.921875,2078.893130028,2505.966308594,2786.751708984,1411.411335473,1727.274902344,1835.555175781,1418.744464281,1421.84753418,1725.502197266,1049.934132338,1347.436401367,1394.52722168,16347.83497503,17962.80273438,19187.00585938,0.1404987
2009,21,Brooklyn,34970,304138,1029459,9044.121604817,9312.896484375,9782.921875,2560.618435046,2505.966308594,2786.751708984,1569.945835947,1727.274902344,1835.555175781,1487.635397312,1421.84753418,1725.502197266,1204.476481154,1347.436401367,1394.52722168,17515.47379463,17962.80273438,19187.00585938,0.1149807
2009,22,Brooklyn,38538,304138,1029459,8537.935677874,9312.896484375,9782.921875,2478.446390319,2505.966308594,2786.751708984,1426.211470818,1727.274902344,1835.555175781,1324.885113147,1421.84753418,1725.502197266,1239.242592204,1347.436401367,1394.52722168,16605.63908698,17962.80273438,19187.00585938,0.1267122
2009,23,Brooklyn,12697,304138,1029459,9890.210994393,9312.896484375,9782.921875,2722.075661125,2505.966308594,2786.751708984,2111.92741367,1727.274902344,1835.555175781,1676.046743404,1421.84753418,1725.502197266,1573.772430432,1347.436401367,1394.52722168,19620.64466684,17962.80273438,19187.00585938,0.0417475
2009,32,Brooklyn,17000,304138,1029459,9951.067043595,9312.896484375,9782.921875,2518.855235349,2505.966308594,2786.751708984,2063.845169554,1727.274902344,1835.555175781,1393.530637157,1421.84753418,1725.502197266,1346.563611111,1347.436401367,1394.52722168,18921.52640154,17962.80273438,19187.00585938,0.0558957
2009,1,Manhattan,12687,154457,1029459,9719.88223839,9268.125976563,9782.921875,3175.787964181,2655.177978516,2786.751708984,1741.185671105,1870.001464844,1835.555175781,1383.291847698,1262.68762207,1725.502197266,1501.727028618,1654.626831055,1394.52722168,19170.16312815,18414.4296875,19187.00585938,0.0821394
2009,2,Manhattan,62466,154457,1029459,8523.218679656,9268.125976563,9782.921875,2368.732751725,2655.177978516,2786.751708984,1752.032654257,1870.001464844,1835.555175781,1066.587602464,1262.68762207,1725.502197266,1856.961967769,1654.626831055,1394.52722168,17288.15451863,18414.4296875,19187.00585938,0.4044232
2009,3,Manhattan,23505,154457,1029459,8907.645940339,9268.125976563,9782.921875,2655.955676185,2655.177978516,2786.751708984,1808.41662808,1870.001464844,1835.555175781,1184.735423355,1262.68762207,1725.502197266,1560.952230594,1654.626831055,1394.52722168,17810.50353142,18414.4296875,19187.00585938,0.1521783
2009,4,Manhattan,14810,154457,1029459,10089.88317852,9268.125976563,9782.921875,3262.108006333,2655.177978516,2786.751708984,1993.606479015,1870.001464844,1835.555175781,1446.818772352,1262.68762207,1725.502197266,1569.174659379,1654.626831055,1394.52722168,20064.23962942,18414.4296875,19187.00585938,0.0958843
2009,5,Manhattan,14019,154457,1029459,10237.31855028,9268.125976563,9782.921875,2892.700428422,2655.177978516,2786.751708984,2221.134241197,1870.001464844,1835.555175781,1502.074921353,1262.68762207,1725.502197266,1558.740533636,1654.626831055,1394.52722168,20099.82394411,18414.4296875,19187.00585938,0.0907631
2009,6,Manhattan,26970,154457,1029459,10140.0481142,9268.125976563,9782.921875,2616.296974226,2655.177978516,2786.751708984,2007.107145628,1870.001464844,1835.555175781,1502.539181652,1262.68762207,1725.502197266,1436.324214018,1654.626831055,1394.52722168,19411.83651274,18414.4296875,19187.00585938,0.1746117
2009,24,Queens,52399,268918,1029459,8513.995348922,8513.245117188,9782.921875,1941.2469734,2075.886474609,2786.751708984,1507.733262716,1553.480834961,1835.555175781,1552.388101557,1537.098754883,1725.502197266,1199.796833922,1236.056274414,1394.52722168,16275.02234354,16497.7734375,19187.00585938,0.1948512
2009,25,Queens,31825,268918,1029459,8849.066294718,8513.245117188,9782.921875,2205.514630885,2075.886474609,2786.751708984,1578.742927172,1553.480834961,1835.555175781,1685.168013351,1537.098754883,1725.502197266,1251.437911374,1236.056274414,1394.52722168,17198.24822048,16497.7734375,19187.00585938,0.1183446
2009,26,Queens,32855,268918,1029459,7511.87741845,8513.245117188,9782.921875,2029.161873286,2075.886474609,2786.751708984,1458.46109906,1553.480834961,1835.555175781,1321.121824157,1537.098754883,1725.502197266,1123.646922405,1236.056274414,1394.52722168,15038.03826325,16497.7734375,19187.00585938,0.1221748
2009,27,Queens,46953,268918,1029459,8565.167623811,8513.245117188,9782.921875,2089.771864861,2075.886474609,2786.751708984,1607.970322898,1553.480834961,1835.555175781,1536.173243264,1537.098754883,1725.502197266,1238.359671078,1236.056274414,1394.52722168,16600.01561155,16497.7734375,19187.00585938,0.1745997
2009,28,Queens,36913,268918,1029459,8426.596575582,8513.245117188,9782.921875,2059.003080111,2075.886474609,2786.751708984,1559.872047478,1553.480834961,1835.555175781,1415.106689892,1537.098754883,1725.502197266,1234.895066959,1236.056274414,1394.52722168,16286.04658535,16497.7734375,19187.00585938,0.1372649
2009,29,Queens,28430,268918,1029459,8716.144178029,8513.245117188,9782.921875,2030.962587917,2075.886474609,2786.751708984,1652.573826762,1553.480834961,1835.555175781,1666.43475718,1537.098754883,1725.502197266,1258.735271885,1236.056274414,1394.52722168,16886.7043403,16497.7734375,19187.00585938,0.10572
2009,30,Queens,39543,268918,1029459,8947.337045076,8513.245117188,9782.921875,2220.36535257,2075.886474609,2786.751708984,1530.807968662,1553.480834961,1835.555175781,1599.107166418,1537.098754883,1725.502197266,1347.165902132,1236.056274414,1394.52722168,17238.6524035,16497.7734375,19187.00585938,0.1470448
2009,31,Staten Island,60279,60279,1029459,8729.71032915,8729.709960938,9782.921875,2796.217062505,2796.217041016,2786.751708984,1420.999888201,1420.99987793,1835.555175781,2055.74881468,2055.748779297,1725.502197266,1233.066334937,1233.06640625,1394.52722168,17863.61868519,17863.61914063,19187.00585938,1
2010,7,Bronx,19668,211876,1038731,10208.56041131,9260.00390625,9537.625976563,3089.753215314,2527.785888672,2731.788330078,2181.271890515,2055.411376953,1821.478027344,1667.48085465,1696.219604492,1758.227050781,1580.682074223,1497.275268555,1463.448730469,20871.91687683,19128.76171875,19393.58984375,0.0928279
2010,8,Bronx,33148,211876,1038731,9011.938257311,9260.00390625,9537.625976563,2457.838180478,2527.785888672,2731.788330078,1932.313407252,2055.411376953,1821.478027344,1658.524926874,1696.219604492,1758.227050781,1361.582461157,1497.275268555,1463.448730469,18548.56595822,19128.76171875,19393.58984375,0.15645
2010,9,Bronx,36231,211876,1038731,9681.706965379,9260.00390625,9537.625976563,2475.193816579,2527.785888672,2731.788330078,2270.425934851,2055.411376953,1821.478027344,1767.943941682,1696.219604492,1758.227050781,1705.911436812,1497.275268555,1463.448730469,19992.26998402,19128.76171875,19393.58984375,0.171001
2010,10,Bronx,58762,211876,1038731,9052.477847176,9260.00390625,9537.625976563,2382.34128141,2527.785888672,2731.788330078,1975.434211974,2055.411376953,1821.478027344,1587.254774239,1696.219604492,1758.227050781,1476.905308335,1497.275268555,1463.448730469,18533.70788668,19128.76171875,19393.58984375,0.2773415
2010,11,Bronx,40339,211876,1038731,8713.828199962,9260.00390625,9537.625976563,2444.938066862,2527.785888672,2731.788330078,1864.368398566,2055.411376953,1821.478027344,1752.15257393,1696.219604492,1758.227050781,1362.401235525,1497.275268555,1463.448730469,18218.88277334,19128.76171875,19393.58984375,0.1903897
2010,12,Bronx,23728,211876,1038731,9618.854571718,9260.00390625,9537.625976563,2741.031744707,2527.785888672,2731.788330078,2317.588452442,2055.411376953,1821.478027344,1837.942378155,1696.219604492,1758.227050781,1578.868622837,1497.275268555,1463.448730469,20196.37548148,19128.76171875,19393.58984375,0.11199
2010,13,Brooklyn,22587,305336,1038731,8663.729871797,8964.155273438,9537.625976563,2053.056330811,2447.890869141,2731.788330078,1999.483583415,1711.530151367,1821.478027344,1350.01707731,1446.126708984,1758.227050781,1660.491882749,1406.112548828,1463.448730469,17868.59153704,18027.6015625,19393.58984375,0.0739742
2010,14,Brooklyn,21442,305336,1038731,9117.719732305,8964.155273438,9537.625976563,2564.322502616,2447.890869141,2731.788330078,1905.88220568,1711.530151367,1821.478027344,1450.927636071,1446.126708984,1758.227050781,1459.373430343,1406.112548828,1463.448730469,18566.60584731,18027.6015625,19393.58984375,0.0702243
2010,15,Brooklyn,27220,305336,1038731,9207.033911074,8964.155273438,9537.625976563,2741.312410391,2447.890869141,2731.788330078,1689.624443331,1711.530151367,1821.478027344,1349.355333969,1446.126708984,1758.227050781,1455.675991208,1406.112548828,1463.448730469,18489.62001704,18027.6015625,19393.58984375,0.0891477
2010,16,Brooklyn,11031,305336,1038731,9430.848985764,8964.155273438,9537.625976563,3058.12633345,2447.890869141,2731.788330078,1932.256117589,1711.530151367,1821.478027344,1494.486843496,1446.126708984,1758.227050781,1718.322252522,1406.112548828,1463.448730469,19705.45775133,18027.6015625,19393.58984375,0.0361274
2010,17,Brooklyn,28647,305336,1038731,9538.282200243,8964.155273438,9537.625976563,2603.777578733,2447.890869141,2731.788330078,1788.130778045,1711.530151367,1821.478027344,1441.863534911,1446.126708984,1758.227050781,1514.83290237,1406.112548828,1463.448730469,18927.67760469,18027.6015625,19393.58984375,0.0938212
2010,18,Brooklyn,19490,305336,1038731,8979.783597267,8964.155273438,9537.625976563,2778.490120373,2447.890869141,2731.788330078,1795.237378359,1711.530151367,1821.478027344,1552.68895251,1446.126708984,1758.227050781,1595.893122995,1406.112548828,1463.448730469,18797.07343748,18027.6015625,19393.58984375,0.0638313
2010,19,Brooklyn,27526,305336,1038731,9180.577421045,8964.155273438,9537.625976563,2325.733943608,2447.890869141,2731.788330078,1953.060841097,1711.530151367,1821.478027344,1522.779251331,1446.126708984,1758.227050781,1463.230873407,1406.112548828,1463.448730469,18532.10823324,18027.6015625,19393.58984375,0.0901499
2010,20,Brooklyn,44490,305336,1038731,8461.996753466,8964.155273438,9537.625976563,2030.799643422,2447.890869141,2731.788330078,1347.283612372,1711.530151367,1821.478027344,1437.52100289,1446.126708984,1758.227050781,1093.859993233,1406.112548828,1463.448730469,16368.10089891,18027.6015625,19393.58984375,0.1457083
2010,21,Brooklyn,35186,305336,1038731,8936.545006556,8964.155273438,9537.625976563,2465.625488599,2447.890869141,2731.788330078,1547.943001878,1711.530151367,1821.478027344,1463.890164375,1446.126708984,1758.227050781,1298.244079328,1406.112548828,1463.448730469,17767.6905358,18027.6015625,19393.58984375,0.115237
2010,22,Brooklyn,38293,305336,1038731,8347.624838015,8964.155273438,9537.625976563,2497.429048304,2447.890869141,2731.788330078,1397.154251892,1711.530151367,1821.478027344,1356.851877418,1446.126708984,1758.227050781,1240.577813219,1406.112548828,1463.448730469,16838.48819001,18027.6015625,19393.58984375,0.1254127
2010,23,Brooklyn,12495,305336,1038731,9536.72595223,8964.155273438,9537.625976563,2561.296308887,2447.890869141,2731.788330078,2086.326785179,1711.530151367,1821.478027344,1742.950489963,1446.126708984,1758.227050781,1691.184836951,1406.112548828,1463.448730469,19660.20017359,18027.6015625,19393.58984375,0.0409221
2010,32,Brooklyn,16929,305336,1038731,9483.494278098,8964.155273438,9537.625976563,2375.529113135,2447.890869141,2731.788330078,2085.59341557,1711.530151367,1821.478027344,1420.812724253,1446.126708984,1758.227050781,1429.627240057,1406.112548828,1463.448730469,18877.77686426,18027.6015625,19393.58984375,0.0554438
2010,1,Manhattan,12821,154407,1038731,9267.105112061,8938.862304688,9537.625976563,3194.052235819,2539.294677734,2731.788330078,1736.614411989,1908.787231445,1821.478027344,1349.895665335,1274.715087891,1758.227050781,1409.667798526,1717.876098633,1463.448730469,19006.92053506,18491.3515625,19393.58984375,0.0830338
2010,2,Manhattan,62405,154407,1038731,8346.737242891,8938.862304688,9537.625976563,2174.151265144,2539.294677734,2731.788330078,1825.537039062,1908.787231445,1821.478027344,1057.89660459,1274.715087891,1758.227050781,1974.228282654,1717.876098633,1463.448730469,17503.75996414,18491.3515625,19393.58984375,0.4041591
2010,3,Manhattan,23623,154407,1038731,8576.521512822,8938.862304688,9537.625976563,2563.777488651,2539.294677734,2731.788330078,1854.506124291,1908.787231445,1821.478027344,1205.77950905,1274.715087891,1758.227050781,1578.469709914,1717.876098633,1463.448730469,17869.47654296,18491.3515625,19393.58984375,0.1529918
2010,4,Manhattan,14946,154407,1038731,9573.769234462,8938.862304688,9537.625976563,3257.152873085,2539.294677734,2731.788330078,1981.11191074,1908.787231445,1821.478027344,1487.125787438,1274.715087891,1758.227050781,1566.13794107,1717.876098633,1463.448730469,20009.84907684,18491.3515625,19393.58984375,0.0967961
2010,5,Manhattan,14156,154407,1038731,9957.344291825,8938.862304688,9537.625976563,2776.449054737,2539.294677734,2731.788330078,2218.818260248,1908.787231445,1821.478027344,1539.174959689,1274.715087891,1758.227050781,1500.890831293,1717.876098633,1463.448730469,20045.40301859,18491.3515625,19393.58984375,0.0916798
2010,6,Manhattan,26456,154407,1038731,9596.398168377,8938.862304688,9537.625976563,2528.994138335,2539.294677734,2731.788330078,2030.316092604,1908.787231445,1821.478027344,1549.76609193,1274.715087891,1758.227050781,1588.854094591,1717.876098633,1463.448730469,19436.93397491,18491.3515625,19393.58984375,0.1713394
2010,24,Queens,54418,275116,1038731,8366.293948586,8332.703125,9537.625976563,1832.775409181,1966.411010742,2731.788330078,1427.818249733,1513.959838867,1821.478027344,1555.029734133,1557.081054688,1758.227050781,1299.293903657,1288.741333008,1463.448730469,16452.83592538,16679.20507813,19393.58984375,0.1978002
2010,25,Queens,33708,275116,1038731,8535.982353013,8332.703125,9537.625976563,2024.725798203,1966.411010742,2731.788330078,1504.898070607,1513.959838867,1821.478027344,1701.615944171,1557.081054688,1758.227050781,1281.895667411,1288.741333008,1463.448730469,17116.88543365,16679.20507813,19393.58984375,0.1225229
2010,26,Queens,32847,275116,1038731,7440.595069872,8332.703125,9537.625976563,1922.686221265,1966.411010742,2731.788330078,1428.22715358,1513.959838867,1821.478027344,1379.573930324,1557.081054688,1758.227050781,1182.542065254,1288.741333008,1463.448730469,15381.94463162,16679.20507813,19393.58984375,0.1193933
2010,27,Queens,47408,275116,1038731,8367.949948807,8332.703125,9537.625976563,2019.598629276,1966.411010742,2731.788330078,1614.561684713,1513.959838867,1821.478027344,1542.29504625,1557.081054688,1758.227050781,1325.445048199,1288.741333008,1463.448730469,16892.7666575,16679.20507813,19393.58984375,0.17232
2010,28,Queens,37338,275116,1038731,8308.111958828,8332.703125,9537.625976563,1931.807011059,1966.411010742,2731.788330078,1515.901407744,1513.959838867,1821.478027344,1457.184206865,1557.081054688,1758.227050781,1277.866617917,1288.741333008,1463.448730469,16500.50960093,16679.20507813,19393.58984375,0.1357173
2010,29,Queens,28910,275116,1038731,8481.66790043,8332.703125,9537.625976563,1892.056167515,1966.411010742,2731.788330078,1639.366914276,1513.959838867,1821.478027344,1689.948768019,1557.081054688,1758.227050781,1304.595935056,1288.741333008,1463.448730469,17020.27140738,16679.20507813,19393.58984375,0.1050829
2010,30,Queens,40487,275116,1038731,8717.116845964,8332.703125,9537.625976563,2155.678559125,1966.411010742,2731.788330078,1497.703212609,1513.959838867,1821.478027344,1598.081058564,1557.081054688,1758.227050781,1322.14656612,1288.741333008,1463.448730469,17342.72414216,16679.20507813,19393.58984375,0.1471634
2010,31,Staten Island,61388,61388,1038731,8621.761999925,8621.76171875,9537.625976563,2879.359476565,2879.359619141,2731.788330078,1404.801660262,1404.801635742,1821.478027344,2040.782182594,2040.782226563,1758.227050781,1310.737617674,1310.737670898,1463.448730469,18294.39665531,18294.39648438,19393.58984375,1
2011,7,Bronx,20406,212620,1043886,9598.308155257,8950.198242188,9203.166992188,3121.622960252,2538.38671875,2732.753417969,2108.923450925,1932.467651367,1733.231689453,1549.014595619,1600.829589844,1693.887573242,1421.52772182,1348.190551758,1397.708251953,20099.72356233,18610.52734375,18983.16210938,0.095974
2011,8,Bronx,32794,212620,1043886,8831.554580747,8950.198242188,9203.166992188,2523.691831432,2538.38671875,2732.753417969,1838.351343435,1932.467651367,1733.231689453,1566.608691466,1600.829589844,1693.887573242,1300.430713772,1348.190551758,1397.708251953,18309.07124076,18610.52734375,18983.16210938,0.1542376
2011,9,Bronx,35949,212620,1043886,9334.974760334,8950.198242188,9203.166992188,2449.006011798,2538.38671875,2732.753417969,2181.94864552,1932.467651367,1733.231689453,1722.30085804,1600.829589844,1693.887573242,1369.356829573,1348.190551758,1397.708251953,19319.08379479,18610.52734375,18983.16210938,0.1690763
2011,10,Bronx,59276,212620,1043886,8696.619455087,8950.198242188,9203.166992188,2380.504638459,2538.38671875,2732.753417969,1817.114353172,1932.467651367,1733.231689453,1459.765310471,1600.829589844,1693.887573242,1313.144136701,1348.190551758,1397.708251953,17894.95941789,18610.52734375,18983.16210938,0.2787884
2011,11,Bronx,39969,212620,1043886,8590.158037436,8950.198242188,9203.166992188,2469.329870684,2538.38671875,2732.753417969,1784.619633818,1932.467651367,1733.231689453,1693.166004241,1600.829589844,1693.887573242,1280.240110511,1348.190551758,1397.708251953,18008.00850376,18610.52734375,18983.16210938,0.1879833
2011,12,Bronx,24226,212620,1043886,9208.388602419,8950.198242188,9203.166992188,2699.877208976,2538.38671875,2732.753417969,2067.203435371,1932.467651367,1733.231689453,1703.361448038,1600.829589844,1693.887573242,1517.518242161,1348.190551758,1397.708251953,19457.68656175,18610.52734375,18983.16210938,0.1139404
2011,13,Brooklyn,23218,305587,1043886,8457.019314362,8588.397460938,9203.166992188,2071.244027154,2428.104736328,2732.753417969,1911.05455837,1610.990966797,1733.231689453,1285.234572293,1383.357910156,1693.887573242,1613.166464518,1362.272949219,1397.708251953,17557.17564787,17574.21484375,18983.16210938,0.0759784
2011,14,Brooklyn,21672,305587,1043886,9014.065285639,8588.397460938,9203.166992188,2541.286657779,2428.104736328,2732.753417969,1826.356332775,1610.990966797,1733.231689453,1390.04711219,1383.357910156,1693.887573242,1476.615729916,1362.272949219,1397.708251953,18471.75698269,17574.21484375,18983.16210938,0.0709192
2011,15,Brooklyn,27629,305587,1043886,9034.100590892,8588.397460938,9203.166992188,2780.763521588,2428.104736328,2732.753417969,1589.06750546,1610.990966797,1733.231689453,1268.543314041,1383.357910156,1693.887573242,1321.226540609,1362.272949219,1397.708251953,18193.98178351,17574.21484375,18983.16210938,0.0904129
2011,16,Brooklyn,10832,305587,1043886,9306.910869607,8588.397460938,9203.166992188,3189.677283604,2428.104736328,2732.753417969,2010.972170792,1610.990966797,1733.231689453,1533.483707918,1383.357910156,1693.887573242,1777.161892889,1362.272949219,1397.708251953,20101.28590157,17574.21484375,18983.16210938,0.0354465
2011,17,Brooklyn,28077,305587,1043886,8829.165375326,8588.397460938,9203.166992188,2551.863521758,2428.104736328,2732.753417969,1676.47633749,1610.990966797,1733.231689453,1373.416265087,1383.357910156,1693.887573242,1471.907667678,1362.272949219,1397.708251953,18112.5217716,17574.21484375,18983.16210938,0.0918789
2011,18,Brooklyn,19108,305587,1043886,8471.59522637,8588.397460938,9203.166992188,2738.595027671,2428.104736328,2732.753417969,1635.752996564,1610.990966797,1733.231689453,1473.740073145,1383.357910156,1693.887573242,1564.867398145,1362.272949219,1397.708251953,18131.21506999,17574.21484375,18983.16210938,0.0625288
2011,19,Brooklyn,26778,305587,1043886,9168.251005628,8588.397460938,9203.166992188,2326.830572314,2428.104736328,2732.753417969,1893.884121091,1610.990966797,1733.231689453,1456.371378923,1383.357910156,1693.887573242,1476.681819629,1362.272949219,1397.708251953,18583.19077479,17574.21484375,18983.16210938,0.0876281
2011,20,Brooklyn,46301,305587,1043886,7982.660992602,8588.397460938,9203.166992188,2007.618959418,2428.104736328,2732.753417969,1279.5452125,1610.990966797,1733.231689453,1385.920864094,1383.357910156,1693.887573242,955.9120218962,1362.272949219,1397.708251953,15751.53504117,17574.21484375,18983.16210938,0.1515149
2011,21,Brooklyn,35616,305587,1043886,8265.537429046,8588.397460938,9203.166992188,2408.178960298,2428.104736328,2732.753417969,1363.541356902,1610.990966797,1733.231689453,1374.952466919,1383.357910156,1693.887573242,1255.603228832,1362.272949219,1397.708251953,16840.00904341,17574.21484375,18983.16210938,0.1165495
2011,22,Brooklyn,37884,305587,1043886,7984.972657309,8588.397460938,9203.166992188,2414.669834247,2428.104736328,2732.753417969,1290.574541915,1610.990966797,1733.231689453,1312.515001176,1383.357910156,1693.887573242,1250.338933949,1362.272949219,1397.708251953,16385.54698269,17574.21484375,18983.16210938,0.1239712
2011,23,Brooklyn,12295,305587,1043886,9217.429370099,8588.397460938,9203.166992188,2651.954335438,2428.104736328,2732.753417969,1996.420494928,1610.990966797,1733.231689453,1585.86437554,1383.357910156,1693.887573242,1607.167461037,1362.272949219,1397.708251953,19339.11179678,17574.21484375,18983.16210938,0.040234
2011,32,Brooklyn,16177,305587,1043886,9104.179640617,8588.397460938,9203.166992188,2371.193960531,2428.104736328,2732.753417969,2001.111221536,1610.990966797,1733.231689453,1423.596759238,1383.357910156,1693.887573242,1496.246143004,1362.272949219,1397.708251953,18658.79888729,17574.21484375,18983.16210938,0.0529375
2011,1,Manhattan,13108,153992,1043886,8872.739444711,8684.423828125,9203.166992188,3111.948099861,2534.861328125,2732.753417969,1629.541337934,1823.575073242,1733.231689453,1294.442381373,1233.51965332,1693.887573242,1263.458836979,1668.650390625,1397.708251953,18332.42167695,18175.82421875,18983.16210938,0.0851213
2011,2,Manhattan,62209,153992,1043886,8200.10511509,8684.423828125,9203.166992188,2239.394494253,2534.861328125,2732.753417969,1751.612174899,1823.575073242,1733.231689453,1031.281130473,1233.51965332,1693.887573242,1971.740516878,1668.650390625,1397.708251953,17427.85903431,18175.82421875,18983.16210938,0.4039755
2011,3,Manhattan,23132,153992,1043886,8478.559164586,8684.423828125,9203.166992188,2543.950783387,2534.861328125,2732.753417969,1831.072849804,1823.575073242,1733.231689453,1203.959023045,1233.51965332,1693.887573242,1533.896799109,1668.650390625,1397.708251953,17809.7137725,18175.82421875,18983.16210938,0.1502156
2011,4,Manhattan,14728,153992,1043886,9307.737673267,8684.423828125,9203.166992188,3190.974592969,2534.861328125,2732.753417969,1825.091650906,1823.575073242,1733.231689453,1520.649903714,1233.51965332,1693.887573242,1631.572603261,1668.650390625,1397.708251953,19722.90718654,18175.82421875,18983.16210938,0.0956413
2011,5,Manhattan,14051,153992,1043886,9438.319395002,8684.423828125,9203.166992188,2687.033223432,2534.861328125,2732.753417969,2167.580719208,1823.575073242,1733.231689453,1414.131077152,1233.51965332,1693.887573242,1464.392090847,1668.650390625,1397.708251953,19398.38918257,18175.82421875,18983.16210938,0.091245
2011,6,Manhattan,26764,153992,1043886,9157.053651224,8684.423828125,9203.166992188,2490.196996735,2534.861328125,2732.753417969,1897.956823365,1823.575073242,1733.231689453,1446.479322603,1233.51965332,1693.887573242,1406.715179213,1668.650390625,1397.708251953,18660.89699196,18175.82421875,18983.16210938,0.1738012
2011,24,Queens,56086,280089,1043886,8058.408641973,8085.194335938,9203.166992188,1797.691499027,1938.806640625,2732.753417969,1370.193846773,1436.88269043,1733.231689453,1498.202342189,1500.83190918,1693.887573242,1165.057237402,1230.685424805,1397.708251953,15978.35323056,16326.90722656,18983.16210938,0.2002435
2011,25,Queens,35365,280089,1043886,8131.645271196,8085.194335938,9203.166992188,1938.514335909,1938.806640625,2732.753417969,1412.386713438,1436.88269043,1733.231689453,1592.216950534,1500.83190918,1693.887573242,1242.09077024,1230.685424805,1397.708251953,16464.20795553,16326.90722656,18983.16210938,0.1262634
2011,26,Queens,32537,280089,1043886,7328.802270397,8085.194335938,9203.166992188,1975.506003163,1938.806640625,2732.753417969,1360.709743007,1436.88269043,1733.231689453,1379.507342535,1500.83190918,1693.887573242,1197.184207303,1230.685424805,1397.708251953,15379.87142726,16326.90722656,18983.16210938,0.1161666
2011,27,Queens,47691,280089,1043886,8143.775636012,8085.194335938,9203.166992188,2004.936265884,1938.806640625,2732.753417969,1508.267362626,1436.88269043,1733.231689453,1491.3497863,1500.83190918,1693.887573242,1259.90301206,1230.685424805,1397.708251953,16574.11873817,16326.90722656,18983.16210938,0.1702709
2011,28,Queens,38752,280089,1043886,8047.635701198,8085.194335938,9203.166992188,1899.203768614,1938.806640625,2732.753417969,1484.452439456,1436.88269043,1733.231689453,1399.110347585,1500.83190918,1693.887573242,1300.636585857,1230.685424805,1397.708251953,16235.84530912,16326.90722656,18983.16210938,0.138356
2011,29,Queens,28477,280089,1043886,8333.937504707,8085.194335938,9203.166992188,1901.868050081,1938.806640625,2732.753417969,1547.200385688,1436.88269043,1733.231689453,1643.739439923,1500.83190918,1693.887573242,1296.614348378,1230.685424805,1397.708251953,16867.81955276,16326.90722656,18983.16210938,0.1016713
2011,30,Queens,41181,280089,1043886,8474.900462992,8085.194335938,9203.166992188,2088.477712535,1938.806640625,2732.753417969,1405.211018991,1436.88269043,1733.231689453,1529.673436998,1500.83190918,1693.887573242,1191.489646517,1230.685424805,1397.708251953,16857.31382471,16326.90722656,18983.16210938,0.1470283
2011,31,Staten Island,61603,61603,1043886,8123.5525517,8123.552246094,9203.166992188,2878.485323299,2878.485351563,2732.753417969,1302.40270176,1302.402709961,1733.231689453,1875.0027888,1875.002807617,1693.887573242,1311.17504434,1311.175048828,1397.708251953,17635.72682373,17635.7265625,18983.16210938,1
2012,7,Bronx,20396,211371,1041437,9405.425769759,8915.005859375,9143.620117188,3177.764316533,2598.993652344,2786.446044922,2029.33374191,1864.169799805,1664.660522461,1561.123259463,1577.546386719,1697.617919922,1379.704157678,1275.994262695,1325.340820313,19578.43297705,18238.63085938,18622.6953125,0.0964938
2012,8,Bronx,32216,211371,1041437,8994.919170598,8915.005859375,9143.620117188,2629.866650112,2598.993652344,2786.446044922,1844.472218773,1864.169799805,1664.660522461,1519.503631736,1577.546386719,1697.617919922,1194.353644152,1275.994262695,1325.340820313,18212.7838962,18238.63085938,18622.6953125,0.1524145
2012,9,Bronx,35864,211371,1041437,9162.757500558,8915.005859375,9143.620117188,2476.549185813,2598.993652344,2786.446044922,2036.064159045,1864.169799805,1664.660522461,1711.826093018,1577.546386719,1697.617919922,1271.879740129,1275.994262695,1325.340820313,18672.77308722,18238.63085938,18622.6953125,0.1696732
2012,10,Bronx,58997,211371,1041437,8584.392019933,8915.005859375,9143.620117188,2448.136667966,2598.993652344,2786.446044922,1725.38859603,1864.169799805,1664.660522461,1425.396443887,1577.546386719,1697.617919922,1316.646202349,1275.994262695,1325.340820313,17487.08854688,18238.63085938,18622.6953125,0.2791159
2012,11,Bronx,39545,211371,1041437,8603.470147933,8915.005859375,9143.620117188,2526.621014035,2598.993652344,2786.446044922,1761.071235302,1864.169799805,1664.660522461,1664.075205462,1577.546386719,1697.617919922,1213.719762296,1275.994262695,1325.340820313,17763.09164243,18238.63085938,18622.6953125,0.1870881
2012,12,Bronx,24353,211371,1041437,9340.519812754,8915.005859375,9143.620117188,2736.728164908,2598.993652344,2786.446044922,2002.376832423,1864.169799805,1664.660522461,1698.421549706,1577.546386719,1697.617919922,1305.835831314,1275.994262695,1325.340820313,19104.24038106,18238.63085938,18622.6953125,0.1152145
2012,13,Brooklyn,23347,302944,1041437,8187.555146271,8466.219726563,9143.620117188,2002.757099413,2450.721435547,2786.446044922,1735.292799931,1539.884887695,1664.660522461,1268.46134407,1375.111938477,1697.617919922,1514.173341329,1290.006347656,1325.340820313,16704.36484345,17090.65625,18622.6953125,0.077067
2012,14,Brooklyn,21835,302944,1041437,8781.841218228,8466.219726563,9143.620117188,2531.355988093,2450.721435547,2786.446044922,1746.12814289,1539.884887695,1664.660522461,1389.610762537,1375.111938477,1697.617919922,1558.110648042,1290.006347656,1325.340820313,17994.69809938,17090.65625,18622.6953125,0.072076
2012,15,Brooklyn,28446,302944,1041437,8634.063172327,8466.219726563,9143.620117188,2745.099662518,2450.721435547,2786.446044922,1452.042501582,1539.884887695,1664.660522461,1243.386275751,1375.111938477,1697.617919922,1126.530443648,1290.006347656,1325.340820313,17168.83502074,17090.65625,18622.6953125,0.0938985
2012,16,Brooklyn,10354,302944,1041437,9363.172203979,8466.219726563,9143.620117188,3246.643615994,2450.721435547,2786.446044922,1981.422059108,1539.884887695,1664.660522461,1615.687656944,1375.111938477,1697.617919922,1515.934614642,1290.006347656,1325.340820313,19704.87328569,17090.65625,18622.6953125,0.0341779
2012,17,Brooklyn,27353,302944,1041437,8730.860344386,8466.219726563,9143.620117188,2603.562022447,2450.721435547,2786.446044922,1670.004313969,1539.884887695,1664.660522461,1362.10825138,1375.111938477,1697.617919922,1432.195920009,1290.006347656,1325.340820313,17785.20367053,17090.65625,18622.6953125,0.0902906
2012,18,Brooklyn,18587,302944,1041437,8585.248776026,8466.219726563,9143.620117188,2725.751439178,2450.721435547,2786.446044922,1522.734061441,1539.884887695,1664.660522461,1463.289557217,1375.111938477,1697.617919922,1403.390434174,1290.006347656,1325.340820313,17740.62280088,17090.65625,18622.6953125,0.0613546
2012,19,Brooklyn,25890,302944,1041437,8980.451178061,8466.219726563,9143.620117188,2258.679606025,2450.721435547,2786.446044922,1852.132831209,1539.884887695,1664.660522461,1529.817265353,1375.111938477,1697.617919922,1332.693395133,1290.006347656,1325.340820313,17948.89996138,17090.65625,18622.6953125,0.0854613
2012,20,Brooklyn,47417,302944,1041437,7887.235780416,8466.219726563,9143.620117188,2052.486555455,2450.721435547,2786.446044922,1215.621211802,1539.884887695,1664.660522461,1337.065461754,1375.111938477,1697.617919922,951.1794714976,1290.006347656,1325.340820313,15353.07109265,17090.65625,18622.6953125,0.1565207
2012,21,Brooklyn,34964,302944,1041437,8250.509009267,8466.219726563,9143.620117188,2530.504547535,2450.721435547,2786.446044922,1370.459243794,1539.884887695,1664.660522461,1339.456383709,1375.111938477,1697.617919922,1216.59189452,1290.006347656,1325.340820313,16682.28097472,17090.65625,18622.6953125,0.1154141
2012,22,Brooklyn,37212,302944,1041437,7988.014135225,8466.219726563,9143.620117188,2508.856686015,2450.721435547,2786.446044922,1261.192384177,1539.884887695,1664.660522461,1294.144899495,1375.111938477,1697.617919922,1294.811834892,1290.006347656,1325.340820313,16275.41954208,17090.65625,18622.6953125,0.1228346
2012,23,Brooklyn,11874,302944,1041437,9217.010442985,8466.219726563,9143.620117188,2669.898096682,2450.721435547,2786.446044922,1803.93245747,1539.884887695,1664.660522461,1635.575122116,1375.111938477,1697.617919922,1449.019117399,1290.006347656,1325.340820313,18773.96951322,17090.65625,18622.6953125,0.0391954
2012,32,Brooklyn,15665,302944,1041437,8891.632748165,8466.219726563,9143.620117188,2392.640791574,2450.721435547,2786.446044922,1927.496329397,1539.884887695,1664.660522461,1446.089115863,1375.111938477,1697.617919922,1333.888541334,1290.006347656,1325.340820313,17965.6563677,17090.65625,18622.6953125,0.0517092
2012,1,Manhattan,13020,153225,1041437,9033.521044547,8689.10546875,9143.620117188,3098.221044547,2553.258789063,2786.446044922,1645.809677419,1778.970214844,1664.660522461,1358.017434716,1229.240234375,1697.617919922,1104.166513057,1633.439575195,1325.340820313,18195.40660522,17910.88476563,18622.6953125,0.0849731
2012,2,Manhattan,62319,153225,1041437,8180.466005552,8689.10546875,9143.620117188,2259.201238788,2553.258789063,2786.446044922,1714.34230331,1778.970214844,1664.660522461,1007.650764614,1229.240234375,1697.617919922,1999.529276786,1633.439575195,1325.340820313,17221.77266965,17910.88476563,18622.6953125,0.4067156
2012,3,Manhattan,23157,153225,1041437,8552.590404629,8689.10546875,9143.620117188,2581.177311396,2553.258789063,2786.446044922,1750.236990975,1778.970214844,1664.660522461,1196.928488146,1229.240234375,1697.617919922,1594.715636741,1633.439575195,1325.340820313,17677.55456234,17910.88476563,18622.6953125,0.1511307
2012,4,Manhattan,14325,153225,1041437,9370.087329843,8689.10546875,9143.620117188,3347.405584642,2553.258789063,2786.446044922,1772.44390925,1778.970214844,1664.660522461,1547.911343805,1229.240234375,1697.617919922,1413.677905759,1633.439575195,1325.340820313,19490.16746946,17910.88476563,18622.6953125,0.09349
2012,5,Manhattan,13985,153225,1041437,9299.822810154,8689.10546875,9143.620117188,2618.250768681,2553.258789063,2786.446044922,2075.851126207,1778.970214844,1664.660522461,1452.690883089,1229.240234375,1697.617919922,1376.64855202,1633.439575195,1325.340820313,18805.63961387,17910.88476563,18622.6953125,0.091271
2012,6,Manhattan,26419,153225,1041437,9146.313297248,8689.10546875,9143.620117188,2488.850486392,2553.258789063,2786.446044922,1868.613308604,1778.970214844,1664.660522461,1425.722775275,1229.240234375,1697.617919922,1319.757522995,1633.439575195,1325.340820313,18270.74726523,17910.88476563,18622.6953125,0.1724196
2012,24,Queens,57529,282442,1041437,7983.449946983,8007.342773438,9143.620117188,1815.045020772,1967.803710938,2786.446044922,1315.662518034,1373.071289063,1664.660522461,1450.583462254,1466.069702148,1697.617919922,1119.730935702,1147.487915039,1325.340820313,15584.34488693,15908.54394531,18622.6953125,0.2036843
2012,25,Queens,36436,282442,1041437,8006.967696783,8007.342773438,9143.620117188,1934.61087935,1967.803710938,2786.446044922,1335.650565375,1373.071289063,1664.660522461,1517.349599297,1466.069702148,1697.617919922,1129.910500604,1147.487915039,1325.340820313,15874.52047426,15908.54394531,18622.6953125,0.1290035
2012,26,Queens,31909,282442,1041437,7130.091478893,8007.342773438,9143.620117188,2074.059074242,1967.803710938,2786.446044922,1283.860854304,1373.071289063,1664.660522461,1309.202043311,1466.069702148,1697.617919922,1105.298599141,1147.487915039,1325.340820313,14873.50528064,15908.54394531,18622.6953125,0.1129754
2012,27,Queens,47511,282442,1041437,8207.653132959,8007.342773438,9143.620117188,2045.349013913,1967.803710938,2786.446044922,1441.770137442,1373.071289063,1664.660522461,1469.486834628,1466.069702148,1697.617919922,1147.608006567,1147.487915039,1325.340820313,16295.74151249,15908.54394531,18622.6953125,0.1682151
2012,28,Queens,39358,282442,1041437,7954.98490777,8007.342773438,9143.620117188,1926.403679049,1967.803710938,2786.446044922,1399.993266934,1373.071289063,1664.660522461,1392.102012297,1466.069702148,1697.617919922,1174.957543574,1147.487915039,1325.340820313,15789.11248031,15908.54394531,18622.6953125,0.139349
2012,29,Queens,28236,282442,1041437,8238.083793738,8007.342773438,9143.620117188,1931.865065873,1967.803710938,2786.446044922,1500.487037824,1373.071289063,1664.660522461,1646.13691741,1466.069702148,1697.617919922,1220.201622043,1147.487915039,1325.340820313,16499.7726661,15908.54394531,18622.6953125,0.099971
2012,30,Queens,41463,282442,1041437,8378.975857994,8007.342773438,9143.620117188,2102.065817717,1967.803710938,2786.446044922,1363.218459832,1373.071289063,1664.660522461,1506.888092999,1466.069702148,1697.617919922,1158.18421243,1147.487915039,1325.340820313,16451.87364638,15908.54394531,18622.6953125,0.1468018
2012,31,Staten Island,62027,62027,1041437,8024.044754704,8024.044921875,9143.620117188,3051.509197607,3051.509521484,2786.446044922,1250.529285634,1250.529296875,1664.660522461,1888.713382882,1888.713378906,1697.617919922,1171.032050559,1171.032104492,1325.340820313,17345.21460009,17345.21484375,18622.6953125,1
